ISO-10303-21;
HEADER;
/*Generated by software containing ST-Developer
 * from STEP Tools, Inc. (www.steptools.com) 
 */
/*OPTION: using custom renumber hook */
/*description */
/*implementation_level */
FILE_DESCRIPTION(('STEP AP242 Edition 2','STEP AP242 Edition 2''CAx-IF Rec.Pracs.---Representation and Presentation of Product Manufa
cturing Information (PMI)---4.0---2014-10-13','STEP AP242 Edition 2''CAx-IF Rec.Pracs.---Representation and Presentation of Product Manufa
cturing Information (PMI)---4.0---2014-10-13''CAx-IF Rec.Pracs.---3D Tessellated Geometry---0.4---2014-09-14','STEP AP242 Edition 2''CAx-IF Rec.Pracs.---Representation and Presentation of Product Manufa
cturing Information (PMI)---4.0---2014-10-13''CAx-IF Rec.Pracs.---3D Tessellated Geometry---0.4---2014-09-14''2;1','STEP AP242 Edition 2''CAx-IF Rec.Pracs.---Representation and Presentation of Product Manufa
cturing Information (PMI)---4.0---2014-10-13''CAx-IF Rec.Pracs.---3D Tessellated Geometry---0.4---2014-09-14''2;1''CAx-IF Rec.Pracs.---User Defined Attributes---1.5---2016-08-15'),'2;1');
/*name */
/*time_stamp */
/*author */
/*organization */
/*preprocessor_version */
/*originating_system */
/*authorisation */
FILE_NAME('/vol/tmp/translate-4911416045230432847/usbuddy-case.step','2026-08-28T07:30:13',(''),(''),'ST-DEVELOPER v20','ONSHAPE BY PTC INC, 1.219','  ');
FILE_SCHEMA(('AP242_MANAGED_MODEL_BASED_3D_ENGINEERING_MIM_LF { 1 0 10303 442 3 1 4 }'));
ENDSEC;
DATA;
#10=SHAPE_REPRESENTATION_RELATIONSHIP('','',#1423,#11);
#11=ADVANCED_BREP_SHAPE_REPRESENTATION('',(#1421),#2237);
#12=CYLINDRICAL_SURFACE('',#1449,0.0011);
#13=LINE('',#1844,#207);
#14=LINE('',#1847,#208);
#15=LINE('',#1849,#209);
#16=LINE('',#1851,#210);
#17=LINE('',#1853,#211);
#18=LINE('',#1855,#212);
#19=LINE('',#1857,#213);
#20=LINE('',#1859,#214);
#21=LINE('',#1861,#215);
#22=LINE('',#1863,#216);
#23=LINE('',#1865,#217);
#24=LINE('',#1867,#218);
#25=LINE('',#1869,#219);
#26=LINE('',#1871,#220);
#27=LINE('',#1873,#221);
#28=LINE('',#1875,#222);
#29=LINE('',#1877,#223);
#30=LINE('',#1879,#224);
#31=LINE('',#1881,#225);
#32=LINE('',#1883,#226);
#33=LINE('',#1885,#227);
#34=LINE('',#1887,#228);
#35=LINE('',#1889,#229);
#36=LINE('',#1891,#230);
#37=LINE('',#1893,#231);
#38=LINE('',#1895,#232);
#39=LINE('',#1897,#233);
#40=LINE('',#1899,#234);
#41=LINE('',#1901,#235);
#42=LINE('',#1903,#236);
#43=LINE('',#1904,#237);
#44=LINE('',#1907,#238);
#45=LINE('',#1909,#239);
#46=LINE('',#1911,#240);
#47=LINE('',#1913,#241);
#48=LINE('',#1915,#242);
#49=LINE('',#1917,#243);
#50=LINE('',#1919,#244);
#51=LINE('',#1923,#245);
#52=LINE('',#1926,#246);
#53=LINE('',#1928,#247);
#54=LINE('',#1930,#248);
#55=LINE('',#1932,#249);
#56=LINE('',#1934,#250);
#57=LINE('',#1936,#251);
#58=LINE('',#1938,#252);
#59=LINE('',#1940,#253);
#60=LINE('',#1942,#254);
#61=LINE('',#1944,#255);
#62=LINE('',#1946,#256);
#63=LINE('',#1948,#257);
#64=LINE('',#1950,#258);
#65=LINE('',#1952,#259);
#66=LINE('',#1954,#260);
#67=LINE('',#1956,#261);
#68=LINE('',#1958,#262);
#69=LINE('',#1960,#263);
#70=LINE('',#1962,#264);
#71=LINE('',#1963,#265);
#72=LINE('',#1966,#266);
#73=LINE('',#1968,#267);
#74=LINE('',#1970,#268);
#75=LINE('',#1972,#269);
#76=LINE('',#1974,#270);
#77=LINE('',#1976,#271);
#78=LINE('',#1978,#272);
#79=LINE('',#1980,#273);
#80=LINE('',#1983,#274);
#81=LINE('',#1984,#275);
#82=LINE('',#1986,#276);
#83=LINE('',#1989,#277);
#84=LINE('',#1990,#278);
#85=LINE('',#1992,#279);
#86=LINE('',#1993,#280);
#87=LINE('',#1995,#281);
#88=LINE('',#1998,#282);
#89=LINE('',#1999,#283);
#90=LINE('',#2001,#284);
#91=LINE('',#2004,#285);
#92=LINE('',#2005,#286);
#93=LINE('',#2007,#287);
#94=LINE('',#2010,#288);
#95=LINE('',#2011,#289);
#96=LINE('',#2013,#290);
#97=LINE('',#2014,#291);
#98=LINE('',#2016,#292);
#99=LINE('',#2017,#293);
#100=LINE('',#2019,#294);
#101=LINE('',#2020,#295);
#102=LINE('',#2022,#296);
#103=LINE('',#2023,#297);
#104=LINE('',#2025,#298);
#105=LINE('',#2026,#299);
#106=LINE('',#2028,#300);
#107=LINE('',#2030,#301);
#108=LINE('',#2032,#302);
#109=LINE('',#2035,#303);
#110=LINE('',#2036,#304);
#111=LINE('',#2039,#305);
#112=LINE('',#2040,#306);
#113=LINE('',#2043,#307);
#114=LINE('',#2046,#308);
#115=LINE('',#2049,#309);
#116=LINE('',#2051,#310);
#117=LINE('',#2053,#311);
#118=LINE('',#2054,#312);
#119=LINE('',#2056,#313);
#120=LINE('',#2058,#314);
#121=LINE('',#2061,#315);
#122=LINE('',#2063,#316);
#123=LINE('',#2065,#317);
#124=LINE('',#2067,#318);
#125=LINE('',#2068,#319);
#126=LINE('',#2070,#320);
#127=LINE('',#2071,#321);
#128=LINE('',#2073,#322);
#129=LINE('',#2075,#323);
#130=LINE('',#2078,#324);
#131=LINE('',#2080,#325);
#132=LINE('',#2082,#326);
#133=LINE('',#2083,#327);
#134=LINE('',#2085,#328);
#135=LINE('',#2087,#329);
#136=LINE('',#2090,#330);
#137=LINE('',#2092,#331);
#138=LINE('',#2094,#332);
#139=LINE('',#2096,#333);
#140=LINE('',#2097,#334);
#141=LINE('',#2099,#335);
#142=LINE('',#2100,#336);
#143=LINE('',#2102,#337);
#144=LINE('',#2104,#338);
#145=LINE('',#2107,#339);
#146=LINE('',#2109,#340);
#147=LINE('',#2111,#341);
#148=LINE('',#2112,#342);
#149=LINE('',#2114,#343);
#150=LINE('',#2116,#344);
#151=LINE('',#2119,#345);
#152=LINE('',#2121,#346);
#153=LINE('',#2123,#347);
#154=LINE('',#2125,#348);
#155=LINE('',#2126,#349);
#156=LINE('',#2128,#350);
#157=LINE('',#2129,#351);
#158=LINE('',#2131,#352);
#159=LINE('',#2133,#353);
#160=LINE('',#2136,#354);
#161=LINE('',#2138,#355);
#162=LINE('',#2140,#356);
#163=LINE('',#2141,#357);
#164=LINE('',#2143,#358);
#165=LINE('',#2145,#359);
#166=LINE('',#2148,#360);
#167=LINE('',#2150,#361);
#168=LINE('',#2152,#362);
#169=LINE('',#2154,#363);
#170=LINE('',#2155,#364);
#171=LINE('',#2157,#365);
#172=LINE('',#2158,#366);
#173=LINE('',#2160,#367);
#174=LINE('',#2162,#368);
#175=LINE('',#2164,#369);
#176=LINE('',#2166,#370);
#177=LINE('',#2168,#371);
#178=LINE('',#2170,#372);
#179=LINE('',#2172,#373);
#180=LINE('',#2174,#374);
#181=LINE('',#2177,#375);
#182=LINE('',#2179,#376);
#183=LINE('',#2181,#377);
#184=LINE('',#2183,#378);
#185=LINE('',#2184,#379);
#186=LINE('',#2186,#380);
#187=LINE('',#2189,#381);
#188=LINE('',#2191,#382);
#189=LINE('',#2193,#383);
#190=LINE('',#2194,#384);
#191=LINE('',#2196,#385);
#192=LINE('',#2198,#386);
#193=LINE('',#2199,#387);
#194=LINE('',#2201,#388);
#195=LINE('',#2202,#389);
#196=LINE('',#2204,#390);
#197=LINE('',#2207,#391);
#198=LINE('',#2209,#392);
#199=LINE('',#2221,#393);
#200=LINE('',#2222,#394);
#201=LINE('',#2224,#395);
#202=LINE('',#2225,#396);
#203=LINE('',#2227,#397);
#204=LINE('',#2228,#398);
#205=LINE('',#2230,#399);
#206=LINE('',#2231,#400);
#207=VECTOR('',#1504,1.);
#208=VECTOR('',#1505,1.);
#209=VECTOR('',#1506,1.);
#210=VECTOR('',#1507,1.);
#211=VECTOR('',#1508,1.);
#212=VECTOR('',#1509,1.);
#213=VECTOR('',#1510,1.);
#214=VECTOR('',#1511,1.);
#215=VECTOR('',#1512,1.);
#216=VECTOR('',#1513,1.);
#217=VECTOR('',#1514,1.);
#218=VECTOR('',#1515,1.);
#219=VECTOR('',#1516,1.);
#220=VECTOR('',#1517,1.);
#221=VECTOR('',#1518,1.);
#222=VECTOR('',#1519,1.);
#223=VECTOR('',#1520,1.);
#224=VECTOR('',#1521,1.);
#225=VECTOR('',#1522,1.);
#226=VECTOR('',#1523,1.);
#227=VECTOR('',#1524,1.);
#228=VECTOR('',#1525,1.);
#229=VECTOR('',#1526,1.);
#230=VECTOR('',#1527,1.);
#231=VECTOR('',#1528,1.);
#232=VECTOR('',#1529,1.);
#233=VECTOR('',#1530,1.);
#234=VECTOR('',#1531,1.);
#235=VECTOR('',#1532,1.);
#236=VECTOR('',#1533,1.);
#237=VECTOR('',#1534,1.);
#238=VECTOR('',#1535,1.);
#239=VECTOR('',#1536,1.);
#240=VECTOR('',#1537,1.);
#241=VECTOR('',#1538,1.);
#242=VECTOR('',#1539,1.);
#243=VECTOR('',#1540,1.);
#244=VECTOR('',#1541,1.);
#245=VECTOR('',#1546,1.);
#246=VECTOR('',#1547,1.);
#247=VECTOR('',#1548,1.);
#248=VECTOR('',#1549,1.);
#249=VECTOR('',#1550,1.);
#250=VECTOR('',#1551,1.);
#251=VECTOR('',#1552,1.);
#252=VECTOR('',#1553,1.);
#253=VECTOR('',#1554,1.);
#254=VECTOR('',#1555,1.);
#255=VECTOR('',#1556,1.);
#256=VECTOR('',#1557,1.);
#257=VECTOR('',#1558,1.);
#258=VECTOR('',#1559,1.);
#259=VECTOR('',#1560,1.);
#260=VECTOR('',#1561,1.);
#261=VECTOR('',#1562,1.);
#262=VECTOR('',#1563,1.);
#263=VECTOR('',#1564,1.);
#264=VECTOR('',#1565,1.);
#265=VECTOR('',#1566,1.);
#266=VECTOR('',#1567,1.);
#267=VECTOR('',#1568,1.);
#268=VECTOR('',#1569,1.);
#269=VECTOR('',#1570,1.);
#270=VECTOR('',#1571,1.);
#271=VECTOR('',#1572,1.);
#272=VECTOR('',#1573,1.);
#273=VECTOR('',#1576,1.);
#274=VECTOR('',#1577,1.);
#275=VECTOR('',#1578,1.);
#276=VECTOR('',#1581,1.);
#277=VECTOR('',#1582,1.);
#278=VECTOR('',#1583,1.);
#279=VECTOR('',#1586,1.);
#280=VECTOR('',#1587,1.);
#281=VECTOR('',#1590,1.);
#282=VECTOR('',#1591,1.);
#283=VECTOR('',#1592,1.);
#284=VECTOR('',#1595,1.);
#285=VECTOR('',#1596,1.);
#286=VECTOR('',#1597,1.);
#287=VECTOR('',#1600,1.);
#288=VECTOR('',#1601,1.);
#289=VECTOR('',#1602,1.);
#290=VECTOR('',#1605,1.);
#291=VECTOR('',#1606,1.);
#292=VECTOR('',#1609,1.);
#293=VECTOR('',#1610,1.);
#294=VECTOR('',#1613,1.);
#295=VECTOR('',#1614,1.);
#296=VECTOR('',#1617,1.);
#297=VECTOR('',#1618,1.);
#298=VECTOR('',#1621,1.);
#299=VECTOR('',#1622,1.);
#300=VECTOR('',#1625,1.);
#301=VECTOR('',#1628,1.);
#302=VECTOR('',#1631,1.);
#303=VECTOR('',#1636,1.);
#304=VECTOR('',#1637,1.);
#305=VECTOR('',#1642,1.);
#306=VECTOR('',#1643,1.);
#307=VECTOR('',#1648,1.);
#308=VECTOR('',#1653,1.);
#309=VECTOR('',#1654,1.);
#310=VECTOR('',#1655,1.);
#311=VECTOR('',#1656,1.);
#312=VECTOR('',#1657,1.);
#313=VECTOR('',#1658,1.);
#314=VECTOR('',#1661,1.);
#315=VECTOR('',#1662,1.);
#316=VECTOR('',#1663,1.);
#317=VECTOR('',#1664,1.);
#318=VECTOR('',#1665,1.);
#319=VECTOR('',#1666,1.);
#320=VECTOR('',#1669,1.);
#321=VECTOR('',#1670,1.);
#322=VECTOR('',#1673,1.);
#323=VECTOR('',#1676,1.);
#324=VECTOR('',#1677,1.);
#325=VECTOR('',#1678,1.);
#326=VECTOR('',#1679,1.);
#327=VECTOR('',#1680,1.);
#328=VECTOR('',#1681,1.);
#329=VECTOR('',#1684,1.);
#330=VECTOR('',#1685,1.);
#331=VECTOR('',#1686,1.);
#332=VECTOR('',#1687,1.);
#333=VECTOR('',#1688,1.);
#334=VECTOR('',#1689,1.);
#335=VECTOR('',#1692,1.);
#336=VECTOR('',#1693,1.);
#337=VECTOR('',#1696,1.);
#338=VECTOR('',#1699,1.);
#339=VECTOR('',#1700,1.);
#340=VECTOR('',#1701,1.);
#341=VECTOR('',#1702,1.);
#342=VECTOR('',#1703,1.);
#343=VECTOR('',#1704,1.);
#344=VECTOR('',#1707,1.);
#345=VECTOR('',#1708,1.);
#346=VECTOR('',#1709,1.);
#347=VECTOR('',#1710,1.);
#348=VECTOR('',#1711,1.);
#349=VECTOR('',#1712,1.);
#350=VECTOR('',#1715,1.);
#351=VECTOR('',#1716,1.);
#352=VECTOR('',#1719,1.);
#353=VECTOR('',#1722,1.);
#354=VECTOR('',#1723,1.);
#355=VECTOR('',#1724,1.);
#356=VECTOR('',#1725,1.);
#357=VECTOR('',#1726,1.);
#358=VECTOR('',#1727,1.);
#359=VECTOR('',#1730,1.);
#360=VECTOR('',#1731,1.);
#361=VECTOR('',#1732,1.);
#362=VECTOR('',#1733,1.);
#363=VECTOR('',#1734,1.);
#364=VECTOR('',#1735,1.);
#365=VECTOR('',#1738,1.);
#366=VECTOR('',#1739,1.);
#367=VECTOR('',#1742,1.);
#368=VECTOR('',#1745,1.);
#369=VECTOR('',#1748,1.);
#370=VECTOR('',#1751,1.);
#371=VECTOR('',#1754,1.);
#372=VECTOR('',#1757,1.);
#373=VECTOR('',#1760,1.);
#374=VECTOR('',#1763,1.);
#375=VECTOR('',#1764,1.);
#376=VECTOR('',#1765,1.);
#377=VECTOR('',#1766,1.);
#378=VECTOR('',#1767,1.);
#379=VECTOR('',#1768,1.);
#380=VECTOR('',#1771,1.);
#381=VECTOR('',#1772,1.);
#382=VECTOR('',#1773,1.);
#383=VECTOR('',#1774,1.);
#384=VECTOR('',#1775,1.);
#385=VECTOR('',#1776,1.);
#386=VECTOR('',#1779,1.);
#387=VECTOR('',#1780,1.);
#388=VECTOR('',#1783,1.);
#389=VECTOR('',#1784,1.);
#390=VECTOR('',#1787,1.);
#391=VECTOR('',#1792,1.);
#392=VECTOR('',#1795,1.);
#393=VECTOR('',#1818,1.);
#394=VECTOR('',#1819,1.);
#395=VECTOR('',#1822,1.);
#396=VECTOR('',#1823,1.);
#397=VECTOR('',#1826,1.);
#398=VECTOR('',#1827,1.);
#399=VECTOR('',#1830,1.);
#400=VECTOR('',#1831,1.);
#401=ORIENTED_EDGE('',*,*,#793,.F.);
#402=ORIENTED_EDGE('',*,*,#794,.F.);
#403=ORIENTED_EDGE('',*,*,#795,.T.);
#404=ORIENTED_EDGE('',*,*,#796,.T.);
#405=ORIENTED_EDGE('',*,*,#797,.T.);
#406=ORIENTED_EDGE('',*,*,#798,.T.);
#407=ORIENTED_EDGE('',*,*,#799,.T.);
#408=ORIENTED_EDGE('',*,*,#800,.F.);
#409=ORIENTED_EDGE('',*,*,#801,.T.);
#410=ORIENTED_EDGE('',*,*,#802,.T.);
#411=ORIENTED_EDGE('',*,*,#803,.T.);
#412=ORIENTED_EDGE('',*,*,#804,.F.);
#413=ORIENTED_EDGE('',*,*,#805,.T.);
#414=ORIENTED_EDGE('',*,*,#806,.T.);
#415=ORIENTED_EDGE('',*,*,#807,.T.);
#416=ORIENTED_EDGE('',*,*,#808,.T.);
#417=ORIENTED_EDGE('',*,*,#809,.T.);
#418=ORIENTED_EDGE('',*,*,#810,.T.);
#419=ORIENTED_EDGE('',*,*,#811,.T.);
#420=ORIENTED_EDGE('',*,*,#812,.T.);
#421=ORIENTED_EDGE('',*,*,#813,.T.);
#422=ORIENTED_EDGE('',*,*,#814,.F.);
#423=ORIENTED_EDGE('',*,*,#815,.T.);
#424=ORIENTED_EDGE('',*,*,#816,.T.);
#425=ORIENTED_EDGE('',*,*,#817,.T.);
#426=ORIENTED_EDGE('',*,*,#818,.F.);
#427=ORIENTED_EDGE('',*,*,#819,.T.);
#428=ORIENTED_EDGE('',*,*,#820,.T.);
#429=ORIENTED_EDGE('',*,*,#821,.T.);
#430=ORIENTED_EDGE('',*,*,#822,.T.);
#431=ORIENTED_EDGE('',*,*,#823,.T.);
#432=ORIENTED_EDGE('',*,*,#824,.F.);
#433=ORIENTED_EDGE('',*,*,#825,.T.);
#434=ORIENTED_EDGE('',*,*,#826,.T.);
#435=ORIENTED_EDGE('',*,*,#827,.T.);
#436=ORIENTED_EDGE('',*,*,#828,.T.);
#437=ORIENTED_EDGE('',*,*,#829,.T.);
#438=ORIENTED_EDGE('',*,*,#830,.F.);
#439=ORIENTED_EDGE('',*,*,#831,.T.);
#440=ORIENTED_EDGE('',*,*,#832,.T.);
#441=ORIENTED_EDGE('',*,*,#833,.F.);
#442=ORIENTED_EDGE('',*,*,#834,.F.);
#443=ORIENTED_EDGE('',*,*,#835,.F.);
#444=ORIENTED_EDGE('',*,*,#836,.F.);
#445=ORIENTED_EDGE('',*,*,#837,.F.);
#446=ORIENTED_EDGE('',*,*,#838,.F.);
#447=ORIENTED_EDGE('',*,*,#839,.F.);
#448=ORIENTED_EDGE('',*,*,#840,.F.);
#449=ORIENTED_EDGE('',*,*,#841,.F.);
#450=ORIENTED_EDGE('',*,*,#842,.F.);
#451=ORIENTED_EDGE('',*,*,#843,.F.);
#452=ORIENTED_EDGE('',*,*,#844,.F.);
#453=ORIENTED_EDGE('',*,*,#845,.F.);
#454=ORIENTED_EDGE('',*,*,#846,.F.);
#455=ORIENTED_EDGE('',*,*,#847,.F.);
#456=ORIENTED_EDGE('',*,*,#848,.F.);
#457=ORIENTED_EDGE('',*,*,#849,.F.);
#458=ORIENTED_EDGE('',*,*,#850,.F.);
#459=ORIENTED_EDGE('',*,*,#851,.F.);
#460=ORIENTED_EDGE('',*,*,#852,.F.);
#461=ORIENTED_EDGE('',*,*,#853,.F.);
#462=ORIENTED_EDGE('',*,*,#854,.T.);
#463=ORIENTED_EDGE('',*,*,#855,.T.);
#464=ORIENTED_EDGE('',*,*,#856,.T.);
#465=ORIENTED_EDGE('',*,*,#857,.T.);
#466=ORIENTED_EDGE('',*,*,#858,.T.);
#467=ORIENTED_EDGE('',*,*,#859,.F.);
#468=ORIENTED_EDGE('',*,*,#860,.T.);
#469=ORIENTED_EDGE('',*,*,#861,.F.);
#470=ORIENTED_EDGE('',*,*,#862,.F.);
#471=ORIENTED_EDGE('',*,*,#835,.T.);
#472=ORIENTED_EDGE('',*,*,#863,.T.);
#473=ORIENTED_EDGE('',*,*,#864,.F.);
#474=ORIENTED_EDGE('',*,*,#865,.F.);
#475=ORIENTED_EDGE('',*,*,#841,.T.);
#476=ORIENTED_EDGE('',*,*,#866,.T.);
#477=ORIENTED_EDGE('',*,*,#867,.F.);
#478=ORIENTED_EDGE('',*,*,#823,.F.);
#479=ORIENTED_EDGE('',*,*,#868,.T.);
#480=ORIENTED_EDGE('',*,*,#842,.T.);
#481=ORIENTED_EDGE('',*,*,#869,.F.);
#482=ORIENTED_EDGE('',*,*,#870,.F.);
#483=ORIENTED_EDGE('',*,*,#847,.T.);
#484=ORIENTED_EDGE('',*,*,#871,.T.);
#485=ORIENTED_EDGE('',*,*,#872,.F.);
#486=ORIENTED_EDGE('',*,*,#873,.F.);
#487=ORIENTED_EDGE('',*,*,#845,.T.);
#488=ORIENTED_EDGE('',*,*,#874,.T.);
#489=ORIENTED_EDGE('',*,*,#875,.F.);
#490=ORIENTED_EDGE('',*,*,#876,.F.);
#491=ORIENTED_EDGE('',*,*,#837,.T.);
#492=ORIENTED_EDGE('',*,*,#877,.T.);
#493=ORIENTED_EDGE('',*,*,#878,.F.);
#494=ORIENTED_EDGE('',*,*,#817,.F.);
#495=ORIENTED_EDGE('',*,*,#879,.T.);
#496=ORIENTED_EDGE('',*,*,#846,.T.);
#497=ORIENTED_EDGE('',*,*,#880,.F.);
#498=ORIENTED_EDGE('',*,*,#813,.F.);
#499=ORIENTED_EDGE('',*,*,#881,.T.);
#500=ORIENTED_EDGE('',*,*,#848,.T.);
#501=ORIENTED_EDGE('',*,*,#882,.F.);
#502=ORIENTED_EDGE('',*,*,#803,.F.);
#503=ORIENTED_EDGE('',*,*,#883,.T.);
#504=ORIENTED_EDGE('',*,*,#836,.T.);
#505=ORIENTED_EDGE('',*,*,#884,.F.);
#506=ORIENTED_EDGE('',*,*,#799,.F.);
#507=ORIENTED_EDGE('',*,*,#885,.T.);
#508=ORIENTED_EDGE('',*,*,#838,.T.);
#509=ORIENTED_EDGE('',*,*,#833,.T.);
#510=ORIENTED_EDGE('',*,*,#886,.F.);
#511=ORIENTED_EDGE('',*,*,#808,.F.);
#512=ORIENTED_EDGE('',*,*,#887,.T.);
#513=ORIENTED_EDGE('',*,*,#852,.T.);
#514=ORIENTED_EDGE('',*,*,#888,.F.);
#515=ORIENTED_EDGE('',*,*,#809,.F.);
#516=ORIENTED_EDGE('',*,*,#886,.T.);
#517=ORIENTED_EDGE('',*,*,#851,.T.);
#518=ORIENTED_EDGE('',*,*,#889,.F.);
#519=ORIENTED_EDGE('',*,*,#810,.F.);
#520=ORIENTED_EDGE('',*,*,#888,.T.);
#521=ORIENTED_EDGE('',*,*,#850,.T.);
#522=ORIENTED_EDGE('',*,*,#890,.F.);
#523=ORIENTED_EDGE('',*,*,#811,.F.);
#524=ORIENTED_EDGE('',*,*,#889,.T.);
#525=ORIENTED_EDGE('',*,*,#849,.T.);
#526=ORIENTED_EDGE('',*,*,#881,.F.);
#527=ORIENTED_EDGE('',*,*,#812,.F.);
#528=ORIENTED_EDGE('',*,*,#890,.T.);
#529=ORIENTED_EDGE('',*,*,#821,.F.);
#530=ORIENTED_EDGE('',*,*,#891,.T.);
#531=ORIENTED_EDGE('',*,*,#844,.T.);
#532=ORIENTED_EDGE('',*,*,#892,.F.);
#533=ORIENTED_EDGE('',*,*,#843,.T.);
#534=ORIENTED_EDGE('',*,*,#868,.F.);
#535=ORIENTED_EDGE('',*,*,#822,.F.);
#536=ORIENTED_EDGE('',*,*,#892,.T.);
#537=ORIENTED_EDGE('',*,*,#797,.F.);
#538=ORIENTED_EDGE('',*,*,#893,.T.);
#539=ORIENTED_EDGE('',*,*,#840,.T.);
#540=ORIENTED_EDGE('',*,*,#894,.F.);
#541=ORIENTED_EDGE('',*,*,#839,.T.);
#542=ORIENTED_EDGE('',*,*,#885,.F.);
#543=ORIENTED_EDGE('',*,*,#798,.F.);
#544=ORIENTED_EDGE('',*,*,#894,.T.);
#545=ORIENTED_EDGE('',*,*,#807,.F.);
#546=ORIENTED_EDGE('',*,*,#895,.T.);
#547=ORIENTED_EDGE('',*,*,#834,.T.);
#548=ORIENTED_EDGE('',*,*,#887,.F.);
#549=ORIENTED_EDGE('',*,*,#793,.T.);
#550=ORIENTED_EDGE('',*,*,#832,.F.);
#551=ORIENTED_EDGE('',*,*,#896,.T.);
#552=ORIENTED_EDGE('',*,*,#897,.T.);
#553=ORIENTED_EDGE('',*,*,#898,.F.);
#554=ORIENTED_EDGE('',*,*,#899,.T.);
#555=ORIENTED_EDGE('',*,*,#877,.F.);
#556=ORIENTED_EDGE('',*,*,#883,.F.);
#557=ORIENTED_EDGE('',*,*,#802,.F.);
#558=ORIENTED_EDGE('',*,*,#900,.T.);
#559=ORIENTED_EDGE('',*,*,#901,.T.);
#560=ORIENTED_EDGE('',*,*,#902,.T.);
#561=ORIENTED_EDGE('',*,*,#903,.T.);
#562=ORIENTED_EDGE('',*,*,#904,.F.);
#563=ORIENTED_EDGE('',*,*,#905,.F.);
#564=ORIENTED_EDGE('',*,*,#906,.T.);
#565=ORIENTED_EDGE('',*,*,#800,.T.);
#566=ORIENTED_EDGE('',*,*,#884,.T.);
#567=ORIENTED_EDGE('',*,*,#876,.T.);
#568=ORIENTED_EDGE('',*,*,#907,.F.);
#569=ORIENTED_EDGE('',*,*,#904,.T.);
#570=ORIENTED_EDGE('',*,*,#908,.T.);
#571=ORIENTED_EDGE('',*,*,#896,.F.);
#572=ORIENTED_EDGE('',*,*,#909,.T.);
#573=ORIENTED_EDGE('',*,*,#901,.F.);
#574=ORIENTED_EDGE('',*,*,#910,.T.);
#575=ORIENTED_EDGE('',*,*,#905,.T.);
#576=ORIENTED_EDGE('',*,*,#909,.F.);
#577=ORIENTED_EDGE('',*,*,#911,.T.);
#578=ORIENTED_EDGE('',*,*,#912,.T.);
#579=ORIENTED_EDGE('',*,*,#913,.F.);
#580=ORIENTED_EDGE('',*,*,#914,.T.);
#581=ORIENTED_EDGE('',*,*,#863,.F.);
#582=ORIENTED_EDGE('',*,*,#895,.F.);
#583=ORIENTED_EDGE('',*,*,#806,.F.);
#584=ORIENTED_EDGE('',*,*,#915,.T.);
#585=ORIENTED_EDGE('',*,*,#916,.T.);
#586=ORIENTED_EDGE('',*,*,#917,.T.);
#587=ORIENTED_EDGE('',*,*,#918,.T.);
#588=ORIENTED_EDGE('',*,*,#919,.F.);
#589=ORIENTED_EDGE('',*,*,#920,.F.);
#590=ORIENTED_EDGE('',*,*,#921,.T.);
#591=ORIENTED_EDGE('',*,*,#804,.T.);
#592=ORIENTED_EDGE('',*,*,#882,.T.);
#593=ORIENTED_EDGE('',*,*,#862,.T.);
#594=ORIENTED_EDGE('',*,*,#922,.F.);
#595=ORIENTED_EDGE('',*,*,#919,.T.);
#596=ORIENTED_EDGE('',*,*,#923,.T.);
#597=ORIENTED_EDGE('',*,*,#911,.F.);
#598=ORIENTED_EDGE('',*,*,#924,.T.);
#599=ORIENTED_EDGE('',*,*,#916,.F.);
#600=ORIENTED_EDGE('',*,*,#925,.T.);
#601=ORIENTED_EDGE('',*,*,#920,.T.);
#602=ORIENTED_EDGE('',*,*,#924,.F.);
#603=ORIENTED_EDGE('',*,*,#926,.T.);
#604=ORIENTED_EDGE('',*,*,#927,.T.);
#605=ORIENTED_EDGE('',*,*,#928,.F.);
#606=ORIENTED_EDGE('',*,*,#929,.T.);
#607=ORIENTED_EDGE('',*,*,#871,.F.);
#608=ORIENTED_EDGE('',*,*,#879,.F.);
#609=ORIENTED_EDGE('',*,*,#816,.F.);
#610=ORIENTED_EDGE('',*,*,#930,.T.);
#611=ORIENTED_EDGE('',*,*,#931,.T.);
#612=ORIENTED_EDGE('',*,*,#932,.T.);
#613=ORIENTED_EDGE('',*,*,#933,.T.);
#614=ORIENTED_EDGE('',*,*,#934,.F.);
#615=ORIENTED_EDGE('',*,*,#935,.F.);
#616=ORIENTED_EDGE('',*,*,#936,.T.);
#617=ORIENTED_EDGE('',*,*,#814,.T.);
#618=ORIENTED_EDGE('',*,*,#880,.T.);
#619=ORIENTED_EDGE('',*,*,#870,.T.);
#620=ORIENTED_EDGE('',*,*,#937,.F.);
#621=ORIENTED_EDGE('',*,*,#934,.T.);
#622=ORIENTED_EDGE('',*,*,#938,.T.);
#623=ORIENTED_EDGE('',*,*,#926,.F.);
#624=ORIENTED_EDGE('',*,*,#939,.T.);
#625=ORIENTED_EDGE('',*,*,#931,.F.);
#626=ORIENTED_EDGE('',*,*,#940,.T.);
#627=ORIENTED_EDGE('',*,*,#935,.T.);
#628=ORIENTED_EDGE('',*,*,#939,.F.);
#629=ORIENTED_EDGE('',*,*,#941,.T.);
#630=ORIENTED_EDGE('',*,*,#942,.T.);
#631=ORIENTED_EDGE('',*,*,#943,.F.);
#632=ORIENTED_EDGE('',*,*,#944,.T.);
#633=ORIENTED_EDGE('',*,*,#874,.F.);
#634=ORIENTED_EDGE('',*,*,#891,.F.);
#635=ORIENTED_EDGE('',*,*,#820,.F.);
#636=ORIENTED_EDGE('',*,*,#945,.T.);
#637=ORIENTED_EDGE('',*,*,#946,.T.);
#638=ORIENTED_EDGE('',*,*,#947,.T.);
#639=ORIENTED_EDGE('',*,*,#948,.T.);
#640=ORIENTED_EDGE('',*,*,#949,.F.);
#641=ORIENTED_EDGE('',*,*,#950,.F.);
#642=ORIENTED_EDGE('',*,*,#951,.T.);
#643=ORIENTED_EDGE('',*,*,#818,.T.);
#644=ORIENTED_EDGE('',*,*,#878,.T.);
#645=ORIENTED_EDGE('',*,*,#873,.T.);
#646=ORIENTED_EDGE('',*,*,#952,.F.);
#647=ORIENTED_EDGE('',*,*,#949,.T.);
#648=ORIENTED_EDGE('',*,*,#953,.T.);
#649=ORIENTED_EDGE('',*,*,#941,.F.);
#650=ORIENTED_EDGE('',*,*,#954,.T.);
#651=ORIENTED_EDGE('',*,*,#946,.F.);
#652=ORIENTED_EDGE('',*,*,#955,.T.);
#653=ORIENTED_EDGE('',*,*,#950,.T.);
#654=ORIENTED_EDGE('',*,*,#954,.F.);
#655=ORIENTED_EDGE('',*,*,#875,.T.);
#656=ORIENTED_EDGE('',*,*,#899,.F.);
#657=ORIENTED_EDGE('',*,*,#956,.F.);
#658=ORIENTED_EDGE('',*,*,#907,.T.);
#659=ORIENTED_EDGE('',*,*,#898,.T.);
#660=ORIENTED_EDGE('',*,*,#957,.T.);
#661=ORIENTED_EDGE('',*,*,#902,.F.);
#662=ORIENTED_EDGE('',*,*,#956,.T.);
#663=ORIENTED_EDGE('',*,*,#872,.T.);
#664=ORIENTED_EDGE('',*,*,#944,.F.);
#665=ORIENTED_EDGE('',*,*,#958,.F.);
#666=ORIENTED_EDGE('',*,*,#952,.T.);
#667=ORIENTED_EDGE('',*,*,#943,.T.);
#668=ORIENTED_EDGE('',*,*,#959,.T.);
#669=ORIENTED_EDGE('',*,*,#947,.F.);
#670=ORIENTED_EDGE('',*,*,#958,.T.);
#671=ORIENTED_EDGE('',*,*,#869,.T.);
#672=ORIENTED_EDGE('',*,*,#929,.F.);
#673=ORIENTED_EDGE('',*,*,#960,.F.);
#674=ORIENTED_EDGE('',*,*,#937,.T.);
#675=ORIENTED_EDGE('',*,*,#928,.T.);
#676=ORIENTED_EDGE('',*,*,#961,.T.);
#677=ORIENTED_EDGE('',*,*,#932,.F.);
#678=ORIENTED_EDGE('',*,*,#960,.T.);
#679=ORIENTED_EDGE('',*,*,#962,.T.);
#680=ORIENTED_EDGE('',*,*,#963,.T.);
#681=ORIENTED_EDGE('',*,*,#964,.T.);
#682=ORIENTED_EDGE('',*,*,#965,.F.);
#683=ORIENTED_EDGE('',*,*,#966,.T.);
#684=ORIENTED_EDGE('',*,*,#866,.F.);
#685=ORIENTED_EDGE('',*,*,#893,.F.);
#686=ORIENTED_EDGE('',*,*,#796,.F.);
#687=ORIENTED_EDGE('',*,*,#967,.T.);
#688=ORIENTED_EDGE('',*,*,#968,.F.);
#689=ORIENTED_EDGE('',*,*,#969,.T.);
#690=ORIENTED_EDGE('',*,*,#970,.F.);
#691=ORIENTED_EDGE('',*,*,#971,.T.);
#692=ORIENTED_EDGE('',*,*,#794,.T.);
#693=ORIENTED_EDGE('',*,*,#867,.T.);
#694=ORIENTED_EDGE('',*,*,#865,.T.);
#695=ORIENTED_EDGE('',*,*,#972,.F.);
#696=ORIENTED_EDGE('',*,*,#973,.T.);
#697=ORIENTED_EDGE('',*,*,#964,.F.);
#698=ORIENTED_EDGE('',*,*,#974,.T.);
#699=ORIENTED_EDGE('',*,*,#968,.T.);
#700=ORIENTED_EDGE('',*,*,#975,.F.);
#701=ORIENTED_EDGE('',*,*,#970,.T.);
#702=ORIENTED_EDGE('',*,*,#976,.T.);
#703=ORIENTED_EDGE('',*,*,#962,.F.);
#704=ORIENTED_EDGE('',*,*,#977,.T.);
#705=ORIENTED_EDGE('',*,*,#864,.T.);
#706=ORIENTED_EDGE('',*,*,#966,.F.);
#707=ORIENTED_EDGE('',*,*,#978,.F.);
#708=ORIENTED_EDGE('',*,*,#972,.T.);
#709=ORIENTED_EDGE('',*,*,#973,.F.);
#710=ORIENTED_EDGE('',*,*,#978,.T.);
#711=ORIENTED_EDGE('',*,*,#965,.T.);
#712=ORIENTED_EDGE('',*,*,#975,.T.);
#713=ORIENTED_EDGE('',*,*,#861,.T.);
#714=ORIENTED_EDGE('',*,*,#914,.F.);
#715=ORIENTED_EDGE('',*,*,#979,.F.);
#716=ORIENTED_EDGE('',*,*,#922,.T.);
#717=ORIENTED_EDGE('',*,*,#913,.T.);
#718=ORIENTED_EDGE('',*,*,#980,.T.);
#719=ORIENTED_EDGE('',*,*,#917,.F.);
#720=ORIENTED_EDGE('',*,*,#979,.T.);
#721=ORIENTED_EDGE('',*,*,#912,.F.);
#722=ORIENTED_EDGE('',*,*,#923,.F.);
#723=ORIENTED_EDGE('',*,*,#918,.F.);
#724=ORIENTED_EDGE('',*,*,#980,.F.);
#725=ORIENTED_EDGE('',*,*,#963,.F.);
#726=ORIENTED_EDGE('',*,*,#976,.F.);
#727=ORIENTED_EDGE('',*,*,#969,.F.);
#728=ORIENTED_EDGE('',*,*,#974,.F.);
#729=ORIENTED_EDGE('',*,*,#971,.F.);
#730=ORIENTED_EDGE('',*,*,#977,.F.);
#731=ORIENTED_EDGE('',*,*,#967,.F.);
#732=ORIENTED_EDGE('',*,*,#795,.F.);
#733=ORIENTED_EDGE('',*,*,#927,.F.);
#734=ORIENTED_EDGE('',*,*,#938,.F.);
#735=ORIENTED_EDGE('',*,*,#933,.F.);
#736=ORIENTED_EDGE('',*,*,#961,.F.);
#737=ORIENTED_EDGE('',*,*,#942,.F.);
#738=ORIENTED_EDGE('',*,*,#953,.F.);
#739=ORIENTED_EDGE('',*,*,#948,.F.);
#740=ORIENTED_EDGE('',*,*,#959,.F.);
#741=ORIENTED_EDGE('',*,*,#897,.F.);
#742=ORIENTED_EDGE('',*,*,#908,.F.);
#743=ORIENTED_EDGE('',*,*,#903,.F.);
#744=ORIENTED_EDGE('',*,*,#957,.F.);
#745=ORIENTED_EDGE('',*,*,#936,.F.);
#746=ORIENTED_EDGE('',*,*,#940,.F.);
#747=ORIENTED_EDGE('',*,*,#930,.F.);
#748=ORIENTED_EDGE('',*,*,#815,.F.);
#749=ORIENTED_EDGE('',*,*,#951,.F.);
#750=ORIENTED_EDGE('',*,*,#955,.F.);
#751=ORIENTED_EDGE('',*,*,#945,.F.);
#752=ORIENTED_EDGE('',*,*,#819,.F.);
#753=ORIENTED_EDGE('',*,*,#906,.F.);
#754=ORIENTED_EDGE('',*,*,#910,.F.);
#755=ORIENTED_EDGE('',*,*,#900,.F.);
#756=ORIENTED_EDGE('',*,*,#801,.F.);
#757=ORIENTED_EDGE('',*,*,#921,.F.);
#758=ORIENTED_EDGE('',*,*,#925,.F.);
#759=ORIENTED_EDGE('',*,*,#915,.F.);
#760=ORIENTED_EDGE('',*,*,#805,.F.);
#761=ORIENTED_EDGE('',*,*,#824,.T.);
#762=ORIENTED_EDGE('',*,*,#981,.T.);
#763=ORIENTED_EDGE('',*,*,#855,.F.);
#764=ORIENTED_EDGE('',*,*,#982,.T.);
#765=ORIENTED_EDGE('',*,*,#853,.T.);
#766=ORIENTED_EDGE('',*,*,#983,.T.);
#767=ORIENTED_EDGE('',*,*,#826,.F.);
#768=ORIENTED_EDGE('',*,*,#984,.T.);
#769=ORIENTED_EDGE('',*,*,#859,.T.);
#770=ORIENTED_EDGE('',*,*,#985,.T.);
#771=ORIENTED_EDGE('',*,*,#828,.F.);
#772=ORIENTED_EDGE('',*,*,#986,.T.);
#773=ORIENTED_EDGE('',*,*,#830,.T.);
#774=ORIENTED_EDGE('',*,*,#987,.T.);
#775=ORIENTED_EDGE('',*,*,#857,.F.);
#776=ORIENTED_EDGE('',*,*,#988,.T.);
#777=ORIENTED_EDGE('',*,*,#829,.F.);
#778=ORIENTED_EDGE('',*,*,#985,.F.);
#779=ORIENTED_EDGE('',*,*,#858,.F.);
#780=ORIENTED_EDGE('',*,*,#987,.F.);
#781=ORIENTED_EDGE('',*,*,#827,.F.);
#782=ORIENTED_EDGE('',*,*,#983,.F.);
#783=ORIENTED_EDGE('',*,*,#860,.F.);
#784=ORIENTED_EDGE('',*,*,#986,.F.);
#785=ORIENTED_EDGE('',*,*,#831,.F.);
#786=ORIENTED_EDGE('',*,*,#988,.F.);
#787=ORIENTED_EDGE('',*,*,#856,.F.);
#788=ORIENTED_EDGE('',*,*,#981,.F.);
#789=ORIENTED_EDGE('',*,*,#825,.F.);
#790=ORIENTED_EDGE('',*,*,#982,.F.);
#791=ORIENTED_EDGE('',*,*,#854,.F.);
#792=ORIENTED_EDGE('',*,*,#984,.F.);
#793=EDGE_CURVE('',#989,#989,#1117,.T.);
#794=EDGE_CURVE('',#990,#991,#13,.T.);
#795=EDGE_CURVE('',#990,#992,#14,.T.);
#796=EDGE_CURVE('',#992,#993,#15,.T.);
#797=EDGE_CURVE('',#993,#994,#16,.T.);
#798=EDGE_CURVE('',#994,#995,#17,.T.);
#799=EDGE_CURVE('',#995,#996,#18,.F.);
#800=EDGE_CURVE('',#997,#996,#19,.T.);
#801=EDGE_CURVE('',#997,#998,#20,.T.);
#802=EDGE_CURVE('',#998,#999,#21,.T.);
#803=EDGE_CURVE('',#999,#1000,#22,.F.);
#804=EDGE_CURVE('',#1001,#1000,#23,.T.);
#805=EDGE_CURVE('',#1001,#1002,#24,.T.);
#806=EDGE_CURVE('',#1002,#1003,#25,.T.);
#807=EDGE_CURVE('',#1003,#1004,#26,.F.);
#808=EDGE_CURVE('',#1004,#1005,#27,.T.);
#809=EDGE_CURVE('',#1005,#1006,#28,.F.);
#810=EDGE_CURVE('',#1006,#1007,#29,.F.);
#811=EDGE_CURVE('',#1007,#1008,#30,.T.);
#812=EDGE_CURVE('',#1008,#1009,#31,.T.);
#813=EDGE_CURVE('',#1009,#1010,#32,.T.);
#814=EDGE_CURVE('',#1011,#1010,#33,.T.);
#815=EDGE_CURVE('',#1011,#1012,#34,.T.);
#816=EDGE_CURVE('',#1012,#1013,#35,.T.);
#817=EDGE_CURVE('',#1013,#1014,#36,.T.);
#818=EDGE_CURVE('',#1015,#1014,#37,.T.);
#819=EDGE_CURVE('',#1015,#1016,#38,.T.);
#820=EDGE_CURVE('',#1016,#1017,#39,.T.);
#821=EDGE_CURVE('',#1017,#1018,#40,.T.);
#822=EDGE_CURVE('',#1018,#1019,#41,.T.);
#823=EDGE_CURVE('',#1019,#991,#42,.T.);
#824=EDGE_CURVE('',#1020,#1021,#43,.T.);
#825=EDGE_CURVE('',#1020,#1022,#44,.T.);
#826=EDGE_CURVE('',#1022,#1023,#45,.T.);
#827=EDGE_CURVE('',#1023,#1024,#46,.F.);
#828=EDGE_CURVE('',#1024,#1025,#47,.T.);
#829=EDGE_CURVE('',#1025,#1026,#48,.T.);
#830=EDGE_CURVE('',#1027,#1026,#49,.T.);
#831=EDGE_CURVE('',#1027,#1021,#50,.F.);
#832=EDGE_CURVE('',#1028,#1028,#1118,.T.);
#833=EDGE_CURVE('',#1029,#1030,#51,.T.);
#834=EDGE_CURVE('',#1031,#1029,#52,.F.);
#835=EDGE_CURVE('',#1032,#1031,#53,.F.);
#836=EDGE_CURVE('',#1033,#1032,#54,.F.);
#837=EDGE_CURVE('',#1034,#1033,#55,.F.);
#838=EDGE_CURVE('',#1035,#1034,#56,.F.);
#839=EDGE_CURVE('',#1036,#1035,#57,.T.);
#840=EDGE_CURVE('',#1037,#1036,#58,.T.);
#841=EDGE_CURVE('',#1038,#1037,#59,.T.);
#842=EDGE_CURVE('',#1039,#1038,#60,.T.);
#843=EDGE_CURVE('',#1040,#1039,#61,.T.);
#844=EDGE_CURVE('',#1041,#1040,#62,.T.);
#845=EDGE_CURVE('',#1042,#1041,#63,.T.);
#846=EDGE_CURVE('',#1043,#1042,#64,.T.);
#847=EDGE_CURVE('',#1044,#1043,#65,.T.);
#848=EDGE_CURVE('',#1045,#1044,#66,.T.);
#849=EDGE_CURVE('',#1046,#1045,#67,.T.);
#850=EDGE_CURVE('',#1047,#1046,#68,.T.);
#851=EDGE_CURVE('',#1048,#1047,#69,.F.);
#852=EDGE_CURVE('',#1030,#1048,#70,.F.);
#853=EDGE_CURVE('',#1049,#1050,#71,.T.);
#854=EDGE_CURVE('',#1049,#1051,#72,.T.);
#855=EDGE_CURVE('',#1051,#1052,#73,.T.);
#856=EDGE_CURVE('',#1052,#1053,#74,.F.);
#857=EDGE_CURVE('',#1053,#1054,#75,.T.);
#858=EDGE_CURVE('',#1054,#1055,#76,.T.);
#859=EDGE_CURVE('',#1056,#1055,#77,.T.);
#860=EDGE_CURVE('',#1056,#1050,#78,.F.);
#861=EDGE_CURVE('',#1057,#1058,#79,.T.);
#862=EDGE_CURVE('',#1032,#1057,#80,.T.);
#863=EDGE_CURVE('',#1031,#1058,#81,.T.);
#864=EDGE_CURVE('',#1059,#1060,#82,.T.);
#865=EDGE_CURVE('',#1038,#1059,#83,.T.);
#866=EDGE_CURVE('',#1037,#1060,#84,.T.);
#867=EDGE_CURVE('',#991,#1038,#85,.T.);
#868=EDGE_CURVE('',#1019,#1039,#86,.T.);
#869=EDGE_CURVE('',#1061,#1062,#87,.T.);
#870=EDGE_CURVE('',#1044,#1061,#88,.T.);
#871=EDGE_CURVE('',#1043,#1062,#89,.T.);
#872=EDGE_CURVE('',#1063,#1064,#90,.T.);
#873=EDGE_CURVE('',#1042,#1063,#91,.T.);
#874=EDGE_CURVE('',#1041,#1064,#92,.T.);
#875=EDGE_CURVE('',#1065,#1066,#93,.T.);
#876=EDGE_CURVE('',#1034,#1065,#94,.T.);
#877=EDGE_CURVE('',#1033,#1066,#95,.T.);
#878=EDGE_CURVE('',#1014,#1042,#96,.T.);
#879=EDGE_CURVE('',#1013,#1043,#97,.T.);
#880=EDGE_CURVE('',#1010,#1044,#98,.T.);
#881=EDGE_CURVE('',#1009,#1045,#99,.T.);
#882=EDGE_CURVE('',#1000,#1032,#100,.T.);
#883=EDGE_CURVE('',#999,#1033,#101,.T.);
#884=EDGE_CURVE('',#996,#1034,#102,.T.);
#885=EDGE_CURVE('',#995,#1035,#103,.T.);
#886=EDGE_CURVE('',#1005,#1030,#104,.T.);
#887=EDGE_CURVE('',#1004,#1029,#105,.T.);
#888=EDGE_CURVE('',#1006,#1048,#106,.T.);
#889=EDGE_CURVE('',#1007,#1047,#107,.T.);
#890=EDGE_CURVE('',#1008,#1046,#108,.T.);
#891=EDGE_CURVE('',#1017,#1041,#109,.T.);
#892=EDGE_CURVE('',#1018,#1040,#110,.T.);
#893=EDGE_CURVE('',#993,#1037,#111,.T.);
#894=EDGE_CURVE('',#994,#1036,#112,.T.);
#895=EDGE_CURVE('',#1003,#1031,#113,.T.);
#896=EDGE_CURVE('',#1067,#1068,#114,.T.);
#897=EDGE_CURVE('',#1068,#1069,#115,.F.);
#898=EDGE_CURVE('',#1070,#1069,#116,.T.);
#899=EDGE_CURVE('',#1070,#1066,#117,.T.);
#900=EDGE_CURVE('',#998,#1071,#118,.T.);
#901=EDGE_CURVE('',#1071,#1067,#119,.T.);
#902=EDGE_CURVE('',#1072,#1073,#120,.T.);
#903=EDGE_CURVE('',#1073,#1074,#121,.F.);
#904=EDGE_CURVE('',#1075,#1074,#122,.T.);
#905=EDGE_CURVE('',#1076,#1075,#123,.T.);
#906=EDGE_CURVE('',#1076,#997,#124,.T.);
#907=EDGE_CURVE('',#1072,#1065,#125,.T.);
#908=EDGE_CURVE('',#1074,#1068,#126,.T.);
#909=EDGE_CURVE('',#1067,#1075,#127,.T.);
#910=EDGE_CURVE('',#1071,#1076,#128,.T.);
#911=EDGE_CURVE('',#1077,#1078,#129,.T.);
#912=EDGE_CURVE('',#1078,#1079,#130,.F.);
#913=EDGE_CURVE('',#1080,#1079,#131,.T.);
#914=EDGE_CURVE('',#1080,#1058,#132,.T.);
#915=EDGE_CURVE('',#1002,#1081,#133,.T.);
#916=EDGE_CURVE('',#1081,#1077,#134,.T.);
#917=EDGE_CURVE('',#1082,#1083,#135,.T.);
#918=EDGE_CURVE('',#1083,#1084,#136,.F.);
#919=EDGE_CURVE('',#1085,#1084,#137,.T.);
#920=EDGE_CURVE('',#1086,#1085,#138,.T.);
#921=EDGE_CURVE('',#1086,#1001,#139,.T.);
#922=EDGE_CURVE('',#1082,#1057,#140,.T.);
#923=EDGE_CURVE('',#1084,#1078,#141,.T.);
#924=EDGE_CURVE('',#1077,#1085,#142,.T.);
#925=EDGE_CURVE('',#1081,#1086,#143,.T.);
#926=EDGE_CURVE('',#1087,#1088,#144,.T.);
#927=EDGE_CURVE('',#1088,#1089,#145,.F.);
#928=EDGE_CURVE('',#1090,#1089,#146,.T.);
#929=EDGE_CURVE('',#1090,#1062,#147,.T.);
#930=EDGE_CURVE('',#1012,#1091,#148,.T.);
#931=EDGE_CURVE('',#1091,#1087,#149,.T.);
#932=EDGE_CURVE('',#1092,#1093,#150,.T.);
#933=EDGE_CURVE('',#1093,#1094,#151,.F.);
#934=EDGE_CURVE('',#1095,#1094,#152,.T.);
#935=EDGE_CURVE('',#1096,#1095,#153,.T.);
#936=EDGE_CURVE('',#1096,#1011,#154,.T.);
#937=EDGE_CURVE('',#1092,#1061,#155,.T.);
#938=EDGE_CURVE('',#1094,#1088,#156,.T.);
#939=EDGE_CURVE('',#1087,#1095,#157,.T.);
#940=EDGE_CURVE('',#1091,#1096,#158,.T.);
#941=EDGE_CURVE('',#1097,#1098,#159,.T.);
#942=EDGE_CURVE('',#1098,#1099,#160,.F.);
#943=EDGE_CURVE('',#1100,#1099,#161,.T.);
#944=EDGE_CURVE('',#1100,#1064,#162,.T.);
#945=EDGE_CURVE('',#1016,#1101,#163,.T.);
#946=EDGE_CURVE('',#1101,#1097,#164,.T.);
#947=EDGE_CURVE('',#1102,#1103,#165,.T.);
#948=EDGE_CURVE('',#1103,#1104,#166,.F.);
#949=EDGE_CURVE('',#1105,#1104,#167,.T.);
#950=EDGE_CURVE('',#1106,#1105,#168,.T.);
#951=EDGE_CURVE('',#1106,#1015,#169,.T.);
#952=EDGE_CURVE('',#1102,#1063,#170,.T.);
#953=EDGE_CURVE('',#1104,#1098,#171,.T.);
#954=EDGE_CURVE('',#1097,#1105,#172,.T.);
#955=EDGE_CURVE('',#1101,#1106,#173,.T.);
#956=EDGE_CURVE('',#1072,#1070,#174,.T.);
#957=EDGE_CURVE('',#1069,#1073,#175,.T.);
#958=EDGE_CURVE('',#1102,#1100,#176,.T.);
#959=EDGE_CURVE('',#1099,#1103,#177,.T.);
#960=EDGE_CURVE('',#1092,#1090,#178,.T.);
#961=EDGE_CURVE('',#1089,#1093,#179,.T.);
#962=EDGE_CURVE('',#1107,#1108,#180,.T.);
#963=EDGE_CURVE('',#1108,#1109,#181,.F.);
#964=EDGE_CURVE('',#1109,#1110,#182,.T.);
#965=EDGE_CURVE('',#1111,#1110,#183,.T.);
#966=EDGE_CURVE('',#1111,#1060,#184,.T.);
#967=EDGE_CURVE('',#992,#1107,#185,.T.);
#968=EDGE_CURVE('',#1112,#1113,#186,.T.);
#969=EDGE_CURVE('',#1112,#1114,#187,.F.);
#970=EDGE_CURVE('',#1115,#1114,#188,.T.);
#971=EDGE_CURVE('',#1115,#990,#189,.T.);
#972=EDGE_CURVE('',#1116,#1059,#190,.T.);
#973=EDGE_CURVE('',#1116,#1113,#191,.T.);
#974=EDGE_CURVE('',#1109,#1112,#192,.T.);
#975=EDGE_CURVE('',#1110,#1113,#193,.T.);
#976=EDGE_CURVE('',#1114,#1108,#194,.T.);
#977=EDGE_CURVE('',#1107,#1115,#195,.T.);
#978=EDGE_CURVE('',#1116,#1111,#196,.T.);
#979=EDGE_CURVE('',#1082,#1080,#197,.T.);
#980=EDGE_CURVE('',#1079,#1083,#198,.T.);
#981=EDGE_CURVE('',#1021,#1052,#199,.T.);
#982=EDGE_CURVE('',#1051,#1020,#200,.T.);
#983=EDGE_CURVE('',#1050,#1023,#201,.T.);
#984=EDGE_CURVE('',#1022,#1049,#202,.T.);
#985=EDGE_CURVE('',#1055,#1025,#203,.T.);
#986=EDGE_CURVE('',#1024,#1056,#204,.T.);
#987=EDGE_CURVE('',#1026,#1054,#205,.T.);
#988=EDGE_CURVE('',#1053,#1027,#206,.T.);
#989=VERTEX_POINT('',#1843);
#990=VERTEX_POINT('',#1845);
#991=VERTEX_POINT('',#1846);
#992=VERTEX_POINT('',#1848);
#993=VERTEX_POINT('',#1850);
#994=VERTEX_POINT('',#1852);
#995=VERTEX_POINT('',#1854);
#996=VERTEX_POINT('',#1856);
#997=VERTEX_POINT('',#1858);
#998=VERTEX_POINT('',#1860);
#999=VERTEX_POINT('',#1862);
#1000=VERTEX_POINT('',#1864);
#1001=VERTEX_POINT('',#1866);
#1002=VERTEX_POINT('',#1868);
#1003=VERTEX_POINT('',#1870);
#1004=VERTEX_POINT('',#1872);
#1005=VERTEX_POINT('',#1874);
#1006=VERTEX_POINT('',#1876);
#1007=VERTEX_POINT('',#1878);
#1008=VERTEX_POINT('',#1880);
#1009=VERTEX_POINT('',#1882);
#1010=VERTEX_POINT('',#1884);
#1011=VERTEX_POINT('',#1886);
#1012=VERTEX_POINT('',#1888);
#1013=VERTEX_POINT('',#1890);
#1014=VERTEX_POINT('',#1892);
#1015=VERTEX_POINT('',#1894);
#1016=VERTEX_POINT('',#1896);
#1017=VERTEX_POINT('',#1898);
#1018=VERTEX_POINT('',#1900);
#1019=VERTEX_POINT('',#1902);
#1020=VERTEX_POINT('',#1905);
#1021=VERTEX_POINT('',#1906);
#1022=VERTEX_POINT('',#1908);
#1023=VERTEX_POINT('',#1910);
#1024=VERTEX_POINT('',#1912);
#1025=VERTEX_POINT('',#1914);
#1026=VERTEX_POINT('',#1916);
#1027=VERTEX_POINT('',#1918);
#1028=VERTEX_POINT('',#1922);
#1029=VERTEX_POINT('',#1924);
#1030=VERTEX_POINT('',#1925);
#1031=VERTEX_POINT('',#1927);
#1032=VERTEX_POINT('',#1929);
#1033=VERTEX_POINT('',#1931);
#1034=VERTEX_POINT('',#1933);
#1035=VERTEX_POINT('',#1935);
#1036=VERTEX_POINT('',#1937);
#1037=VERTEX_POINT('',#1939);
#1038=VERTEX_POINT('',#1941);
#1039=VERTEX_POINT('',#1943);
#1040=VERTEX_POINT('',#1945);
#1041=VERTEX_POINT('',#1947);
#1042=VERTEX_POINT('',#1949);
#1043=VERTEX_POINT('',#1951);
#1044=VERTEX_POINT('',#1953);
#1045=VERTEX_POINT('',#1955);
#1046=VERTEX_POINT('',#1957);
#1047=VERTEX_POINT('',#1959);
#1048=VERTEX_POINT('',#1961);
#1049=VERTEX_POINT('',#1964);
#1050=VERTEX_POINT('',#1965);
#1051=VERTEX_POINT('',#1967);
#1052=VERTEX_POINT('',#1969);
#1053=VERTEX_POINT('',#1971);
#1054=VERTEX_POINT('',#1973);
#1055=VERTEX_POINT('',#1975);
#1056=VERTEX_POINT('',#1977);
#1057=VERTEX_POINT('',#1981);
#1058=VERTEX_POINT('',#1982);
#1059=VERTEX_POINT('',#1987);
#1060=VERTEX_POINT('',#1988);
#1061=VERTEX_POINT('',#1996);
#1062=VERTEX_POINT('',#1997);
#1063=VERTEX_POINT('',#2002);
#1064=VERTEX_POINT('',#2003);
#1065=VERTEX_POINT('',#2008);
#1066=VERTEX_POINT('',#2009);
#1067=VERTEX_POINT('',#2047);
#1068=VERTEX_POINT('',#2048);
#1069=VERTEX_POINT('',#2050);
#1070=VERTEX_POINT('',#2052);
#1071=VERTEX_POINT('',#2055);
#1072=VERTEX_POINT('',#2059);
#1073=VERTEX_POINT('',#2060);
#1074=VERTEX_POINT('',#2062);
#1075=VERTEX_POINT('',#2064);
#1076=VERTEX_POINT('',#2066);
#1077=VERTEX_POINT('',#2076);
#1078=VERTEX_POINT('',#2077);
#1079=VERTEX_POINT('',#2079);
#1080=VERTEX_POINT('',#2081);
#1081=VERTEX_POINT('',#2084);
#1082=VERTEX_POINT('',#2088);
#1083=VERTEX_POINT('',#2089);
#1084=VERTEX_POINT('',#2091);
#1085=VERTEX_POINT('',#2093);
#1086=VERTEX_POINT('',#2095);
#1087=VERTEX_POINT('',#2105);
#1088=VERTEX_POINT('',#2106);
#1089=VERTEX_POINT('',#2108);
#1090=VERTEX_POINT('',#2110);
#1091=VERTEX_POINT('',#2113);
#1092=VERTEX_POINT('',#2117);
#1093=VERTEX_POINT('',#2118);
#1094=VERTEX_POINT('',#2120);
#1095=VERTEX_POINT('',#2122);
#1096=VERTEX_POINT('',#2124);
#1097=VERTEX_POINT('',#2134);
#1098=VERTEX_POINT('',#2135);
#1099=VERTEX_POINT('',#2137);
#1100=VERTEX_POINT('',#2139);
#1101=VERTEX_POINT('',#2142);
#1102=VERTEX_POINT('',#2146);
#1103=VERTEX_POINT('',#2147);
#1104=VERTEX_POINT('',#2149);
#1105=VERTEX_POINT('',#2151);
#1106=VERTEX_POINT('',#2153);
#1107=VERTEX_POINT('',#2175);
#1108=VERTEX_POINT('',#2176);
#1109=VERTEX_POINT('',#2178);
#1110=VERTEX_POINT('',#2180);
#1111=VERTEX_POINT('',#2182);
#1112=VERTEX_POINT('',#2187);
#1113=VERTEX_POINT('',#2188);
#1114=VERTEX_POINT('',#2190);
#1115=VERTEX_POINT('',#2192);
#1116=VERTEX_POINT('',#2195);
#1117=CIRCLE('',#1426,0.0011);
#1118=CIRCLE('',#1428,0.0011);
#1119=EDGE_LOOP('',(#401));
#1120=EDGE_LOOP('',(#402,#403,#404,#405,#406,#407,#408,#409,#410,#411,#412,#413,#414,#415,#416,#417,#418,#419,#420,#421,#422,#423,#424,#425,#426,#427,#428,#429,#430,#431));
#1121=EDGE_LOOP('',(#432,#433,#434,#435,#436,#437,#438,#439));
#1122=EDGE_LOOP('',(#440));
#1123=EDGE_LOOP('',(#441,#442,#443,#444,#445,#446,#447,#448,#449,#450,#451,#452,#453,#454,#455,#456,#457,#458,#459,#460));
#1124=EDGE_LOOP('',(#461,#462,#463,#464,#465,#466,#467,#468));
#1125=EDGE_LOOP('',(#469,#470,#471,#472));
#1126=EDGE_LOOP('',(#473,#474,#475,#476));
#1127=EDGE_LOOP('',(#477,#478,#479,#480));
#1128=EDGE_LOOP('',(#481,#482,#483,#484));
#1129=EDGE_LOOP('',(#485,#486,#487,#488));
#1130=EDGE_LOOP('',(#489,#490,#491,#492));
#1131=EDGE_LOOP('',(#493,#494,#495,#496));
#1132=EDGE_LOOP('',(#497,#498,#499,#500));
#1133=EDGE_LOOP('',(#501,#502,#503,#504));
#1134=EDGE_LOOP('',(#505,#506,#507,#508));
#1135=EDGE_LOOP('',(#509,#510,#511,#512));
#1136=EDGE_LOOP('',(#513,#514,#515,#516));
#1137=EDGE_LOOP('',(#517,#518,#519,#520));
#1138=EDGE_LOOP('',(#521,#522,#523,#524));
#1139=EDGE_LOOP('',(#525,#526,#527,#528));
#1140=EDGE_LOOP('',(#529,#530,#531,#532));
#1141=EDGE_LOOP('',(#533,#534,#535,#536));
#1142=EDGE_LOOP('',(#537,#538,#539,#540));
#1143=EDGE_LOOP('',(#541,#542,#543,#544));
#1144=EDGE_LOOP('',(#545,#546,#547,#548));
#1145=EDGE_LOOP('',(#549));
#1146=EDGE_LOOP('',(#550));
#1147=EDGE_LOOP('',(#551,#552,#553,#554,#555,#556,#557,#558,#559));
#1148=EDGE_LOOP('',(#560,#561,#562,#563,#564,#565,#566,#567,#568));
#1149=EDGE_LOOP('',(#569,#570,#571,#572));
#1150=EDGE_LOOP('',(#573,#574,#575,#576));
#1151=EDGE_LOOP('',(#577,#578,#579,#580,#581,#582,#583,#584,#585));
#1152=EDGE_LOOP('',(#586,#587,#588,#589,#590,#591,#592,#593,#594));
#1153=EDGE_LOOP('',(#595,#596,#597,#598));
#1154=EDGE_LOOP('',(#599,#600,#601,#602));
#1155=EDGE_LOOP('',(#603,#604,#605,#606,#607,#608,#609,#610,#611));
#1156=EDGE_LOOP('',(#612,#613,#614,#615,#616,#617,#618,#619,#620));
#1157=EDGE_LOOP('',(#621,#622,#623,#624));
#1158=EDGE_LOOP('',(#625,#626,#627,#628));
#1159=EDGE_LOOP('',(#629,#630,#631,#632,#633,#634,#635,#636,#637));
#1160=EDGE_LOOP('',(#638,#639,#640,#641,#642,#643,#644,#645,#646));
#1161=EDGE_LOOP('',(#647,#648,#649,#650));
#1162=EDGE_LOOP('',(#651,#652,#653,#654));
#1163=EDGE_LOOP('',(#655,#656,#657,#658));
#1164=EDGE_LOOP('',(#659,#660,#661,#662));
#1165=EDGE_LOOP('',(#663,#664,#665,#666));
#1166=EDGE_LOOP('',(#667,#668,#669,#670));
#1167=EDGE_LOOP('',(#671,#672,#673,#674));
#1168=EDGE_LOOP('',(#675,#676,#677,#678));
#1169=EDGE_LOOP('',(#679,#680,#681,#682,#683,#684,#685,#686,#687));
#1170=EDGE_LOOP('',(#688,#689,#690,#691,#692,#693,#694,#695,#696));
#1171=EDGE_LOOP('',(#697,#698,#699,#700));
#1172=EDGE_LOOP('',(#701,#702,#703,#704));
#1173=EDGE_LOOP('',(#705,#706,#707,#708));
#1174=EDGE_LOOP('',(#709,#710,#711,#712));
#1175=EDGE_LOOP('',(#713,#714,#715,#716));
#1176=EDGE_LOOP('',(#717,#718,#719,#720));
#1177=EDGE_LOOP('',(#721,#722,#723,#724));
#1178=EDGE_LOOP('',(#725,#726,#727,#728));
#1179=EDGE_LOOP('',(#729,#730,#731,#732));
#1180=EDGE_LOOP('',(#733,#734,#735,#736));
#1181=EDGE_LOOP('',(#737,#738,#739,#740));
#1182=EDGE_LOOP('',(#741,#742,#743,#744));
#1183=EDGE_LOOP('',(#745,#746,#747,#748));
#1184=EDGE_LOOP('',(#749,#750,#751,#752));
#1185=EDGE_LOOP('',(#753,#754,#755,#756));
#1186=EDGE_LOOP('',(#757,#758,#759,#760));
#1187=EDGE_LOOP('',(#761,#762,#763,#764));
#1188=EDGE_LOOP('',(#765,#766,#767,#768));
#1189=EDGE_LOOP('',(#769,#770,#771,#772));
#1190=EDGE_LOOP('',(#773,#774,#775,#776));
#1191=EDGE_LOOP('',(#777,#778,#779,#780));
#1192=EDGE_LOOP('',(#781,#782,#783,#784));
#1193=EDGE_LOOP('',(#785,#786,#787,#788));
#1194=EDGE_LOOP('',(#789,#790,#791,#792));
#1195=FACE_BOUND('',#1119,.T.);
#1196=FACE_BOUND('',#1120,.T.);
#1197=FACE_BOUND('',#1121,.T.);
#1198=FACE_BOUND('',#1122,.T.);
#1199=FACE_BOUND('',#1123,.T.);
#1200=FACE_BOUND('',#1124,.T.);
#1201=FACE_BOUND('',#1125,.T.);
#1202=FACE_BOUND('',#1126,.T.);
#1203=FACE_BOUND('',#1127,.T.);
#1204=FACE_BOUND('',#1128,.T.);
#1205=FACE_BOUND('',#1129,.T.);
#1206=FACE_BOUND('',#1130,.T.);
#1207=FACE_BOUND('',#1131,.T.);
#1208=FACE_BOUND('',#1132,.T.);
#1209=FACE_BOUND('',#1133,.T.);
#1210=FACE_BOUND('',#1134,.T.);
#1211=FACE_BOUND('',#1135,.T.);
#1212=FACE_BOUND('',#1136,.T.);
#1213=FACE_BOUND('',#1137,.T.);
#1214=FACE_BOUND('',#1138,.T.);
#1215=FACE_BOUND('',#1139,.T.);
#1216=FACE_BOUND('',#1140,.T.);
#1217=FACE_BOUND('',#1141,.T.);
#1218=FACE_BOUND('',#1142,.T.);
#1219=FACE_BOUND('',#1143,.T.);
#1220=FACE_BOUND('',#1144,.T.);
#1221=FACE_BOUND('',#1145,.T.);
#1222=FACE_BOUND('',#1146,.T.);
#1223=FACE_BOUND('',#1147,.T.);
#1224=FACE_BOUND('',#1148,.T.);
#1225=FACE_BOUND('',#1149,.T.);
#1226=FACE_BOUND('',#1150,.T.);
#1227=FACE_BOUND('',#1151,.T.);
#1228=FACE_BOUND('',#1152,.T.);
#1229=FACE_BOUND('',#1153,.T.);
#1230=FACE_BOUND('',#1154,.T.);
#1231=FACE_BOUND('',#1155,.T.);
#1232=FACE_BOUND('',#1156,.T.);
#1233=FACE_BOUND('',#1157,.T.);
#1234=FACE_BOUND('',#1158,.T.);
#1235=FACE_BOUND('',#1159,.T.);
#1236=FACE_BOUND('',#1160,.T.);
#1237=FACE_BOUND('',#1161,.T.);
#1238=FACE_BOUND('',#1162,.T.);
#1239=FACE_BOUND('',#1163,.T.);
#1240=FACE_BOUND('',#1164,.T.);
#1241=FACE_BOUND('',#1165,.T.);
#1242=FACE_BOUND('',#1166,.T.);
#1243=FACE_BOUND('',#1167,.T.);
#1244=FACE_BOUND('',#1168,.T.);
#1245=FACE_BOUND('',#1169,.T.);
#1246=FACE_BOUND('',#1170,.T.);
#1247=FACE_BOUND('',#1171,.T.);
#1248=FACE_BOUND('',#1172,.T.);
#1249=FACE_BOUND('',#1173,.T.);
#1250=FACE_BOUND('',#1174,.T.);
#1251=FACE_BOUND('',#1175,.T.);
#1252=FACE_BOUND('',#1176,.T.);
#1253=FACE_BOUND('',#1177,.T.);
#1254=FACE_BOUND('',#1178,.T.);
#1255=FACE_BOUND('',#1179,.T.);
#1256=FACE_BOUND('',#1180,.T.);
#1257=FACE_BOUND('',#1181,.T.);
#1258=FACE_BOUND('',#1182,.T.);
#1259=FACE_BOUND('',#1183,.T.);
#1260=FACE_BOUND('',#1184,.T.);
#1261=FACE_BOUND('',#1185,.T.);
#1262=FACE_BOUND('',#1186,.T.);
#1263=FACE_BOUND('',#1187,.T.);
#1264=FACE_BOUND('',#1188,.T.);
#1265=FACE_BOUND('',#1189,.T.);
#1266=FACE_BOUND('',#1190,.T.);
#1267=FACE_BOUND('',#1191,.T.);
#1268=FACE_BOUND('',#1192,.T.);
#1269=FACE_BOUND('',#1193,.T.);
#1270=FACE_BOUND('',#1194,.T.);
#1271=PLANE('',#1425);
#1272=PLANE('',#1427);
#1273=PLANE('',#1429);
#1274=PLANE('',#1430);
#1275=PLANE('',#1431);
#1276=PLANE('',#1432);
#1277=PLANE('',#1433);
#1278=PLANE('',#1434);
#1279=PLANE('',#1435);
#1280=PLANE('',#1436);
#1281=PLANE('',#1437);
#1282=PLANE('',#1438);
#1283=PLANE('',#1439);
#1284=PLANE('',#1440);
#1285=PLANE('',#1441);
#1286=PLANE('',#1442);
#1287=PLANE('',#1443);
#1288=PLANE('',#1444);
#1289=PLANE('',#1445);
#1290=PLANE('',#1446);
#1291=PLANE('',#1447);
#1292=PLANE('',#1448);
#1293=PLANE('',#1450);
#1294=PLANE('',#1451);
#1295=PLANE('',#1452);
#1296=PLANE('',#1453);
#1297=PLANE('',#1454);
#1298=PLANE('',#1455);
#1299=PLANE('',#1456);
#1300=PLANE('',#1457);
#1301=PLANE('',#1458);
#1302=PLANE('',#1459);
#1303=PLANE('',#1460);
#1304=PLANE('',#1461);
#1305=PLANE('',#1462);
#1306=PLANE('',#1463);
#1307=PLANE('',#1464);
#1308=PLANE('',#1465);
#1309=PLANE('',#1466);
#1310=PLANE('',#1467);
#1311=PLANE('',#1468);
#1312=PLANE('',#1469);
#1313=PLANE('',#1470);
#1314=PLANE('',#1471);
#1315=PLANE('',#1472);
#1316=PLANE('',#1473);
#1317=PLANE('',#1474);
#1318=PLANE('',#1475);
#1319=PLANE('',#1476);
#1320=PLANE('',#1477);
#1321=PLANE('',#1478);
#1322=PLANE('',#1479);
#1323=PLANE('',#1480);
#1324=PLANE('',#1481);
#1325=PLANE('',#1482);
#1326=PLANE('',#1483);
#1327=PLANE('',#1484);
#1328=PLANE('',#1485);
#1329=PLANE('',#1486);
#1330=PLANE('',#1487);
#1331=PLANE('',#1488);
#1332=PLANE('',#1489);
#1333=PLANE('',#1490);
#1334=PLANE('',#1491);
#1335=PLANE('',#1492);
#1336=PLANE('',#1493);
#1337=PLANE('',#1494);
#1338=PLANE('',#1495);
#1339=PLANE('',#1496);
#1340=PLANE('',#1497);
#1341=ADVANCED_FACE('',(#1195,#1196,#1197),#1271,.F.);
#1342=ADVANCED_FACE('',(#1198,#1199,#1200),#1272,.T.);
#1343=ADVANCED_FACE('',(#1201),#1273,.F.);
#1344=ADVANCED_FACE('',(#1202),#1274,.F.);
#1345=ADVANCED_FACE('',(#1203),#1275,.F.);
#1346=ADVANCED_FACE('',(#1204),#1276,.F.);
#1347=ADVANCED_FACE('',(#1205),#1277,.F.);
#1348=ADVANCED_FACE('',(#1206),#1278,.F.);
#1349=ADVANCED_FACE('',(#1207),#1279,.F.);
#1350=ADVANCED_FACE('',(#1208),#1280,.F.);
#1351=ADVANCED_FACE('',(#1209),#1281,.F.);
#1352=ADVANCED_FACE('',(#1210),#1282,.F.);
#1353=ADVANCED_FACE('',(#1211),#1283,.F.);
#1354=ADVANCED_FACE('',(#1212),#1284,.F.);
#1355=ADVANCED_FACE('',(#1213),#1285,.F.);
#1356=ADVANCED_FACE('',(#1214),#1286,.F.);
#1357=ADVANCED_FACE('',(#1215),#1287,.F.);
#1358=ADVANCED_FACE('',(#1216),#1288,.F.);
#1359=ADVANCED_FACE('',(#1217),#1289,.F.);
#1360=ADVANCED_FACE('',(#1218),#1290,.F.);
#1361=ADVANCED_FACE('',(#1219),#1291,.F.);
#1362=ADVANCED_FACE('',(#1220),#1292,.F.);
#1363=ADVANCED_FACE('',(#1221,#1222),#12,.F.);
#1364=ADVANCED_FACE('',(#1223),#1293,.T.);
#1365=ADVANCED_FACE('',(#1224),#1294,.F.);
#1366=ADVANCED_FACE('',(#1225),#1295,.T.);
#1367=ADVANCED_FACE('',(#1226),#1296,.T.);
#1368=ADVANCED_FACE('',(#1227),#1297,.T.);
#1369=ADVANCED_FACE('',(#1228),#1298,.F.);
#1370=ADVANCED_FACE('',(#1229),#1299,.T.);
#1371=ADVANCED_FACE('',(#1230),#1300,.T.);
#1372=ADVANCED_FACE('',(#1231),#1301,.T.);
#1373=ADVANCED_FACE('',(#1232),#1302,.F.);
#1374=ADVANCED_FACE('',(#1233),#1303,.T.);
#1375=ADVANCED_FACE('',(#1234),#1304,.T.);
#1376=ADVANCED_FACE('',(#1235),#1305,.T.);
#1377=ADVANCED_FACE('',(#1236),#1306,.F.);
#1378=ADVANCED_FACE('',(#1237),#1307,.T.);
#1379=ADVANCED_FACE('',(#1238),#1308,.T.);
#1380=ADVANCED_FACE('',(#1239),#1309,.F.);
#1381=ADVANCED_FACE('',(#1240),#1310,.T.);
#1382=ADVANCED_FACE('',(#1241),#1311,.F.);
#1383=ADVANCED_FACE('',(#1242),#1312,.T.);
#1384=ADVANCED_FACE('',(#1243),#1313,.F.);
#1385=ADVANCED_FACE('',(#1244),#1314,.T.);
#1386=ADVANCED_FACE('',(#1245),#1315,.T.);
#1387=ADVANCED_FACE('',(#1246),#1316,.F.);
#1388=ADVANCED_FACE('',(#1247),#1317,.T.);
#1389=ADVANCED_FACE('',(#1248),#1318,.T.);
#1390=ADVANCED_FACE('',(#1249),#1319,.F.);
#1391=ADVANCED_FACE('',(#1250),#1320,.T.);
#1392=ADVANCED_FACE('',(#1251),#1321,.F.);
#1393=ADVANCED_FACE('',(#1252),#1322,.T.);
#1394=ADVANCED_FACE('',(#1253),#1323,.F.);
#1395=ADVANCED_FACE('',(#1254),#1324,.F.);
#1396=ADVANCED_FACE('',(#1255),#1325,.T.);
#1397=ADVANCED_FACE('',(#1256),#1326,.F.);
#1398=ADVANCED_FACE('',(#1257),#1327,.F.);
#1399=ADVANCED_FACE('',(#1258),#1328,.F.);
#1400=ADVANCED_FACE('',(#1259),#1329,.T.);
#1401=ADVANCED_FACE('',(#1260),#1330,.T.);
#1402=ADVANCED_FACE('',(#1261),#1331,.T.);
#1403=ADVANCED_FACE('',(#1262),#1332,.T.);
#1404=ADVANCED_FACE('',(#1263),#1333,.T.);
#1405=ADVANCED_FACE('',(#1264),#1334,.F.);
#1406=ADVANCED_FACE('',(#1265),#1335,.F.);
#1407=ADVANCED_FACE('',(#1266),#1336,.T.);
#1408=ADVANCED_FACE('',(#1267),#1337,.F.);
#1409=ADVANCED_FACE('',(#1268),#1338,.T.);
#1410=ADVANCED_FACE('',(#1269),#1339,.T.);
#1411=ADVANCED_FACE('',(#1270),#1340,.F.);
#1412=CLOSED_SHELL('',(#1341,#1342,#1343,#1344,#1345,#1346,#1347,#1348,#1349,#1350,#1351,#1352,#1353,#1354,#1355,#1356,#1357,#1358,#1359,#1360,#1361,#1362,#1363,#1364,#1365,#1366,#1367,#1368,#1369,#1370,#1371,#1372,#1373,#1374,#1375,#1376,#1377,#1378,#1379,#1380,#1381,#1382,#1383,#1384,#1385,#1386,#1387,#1388,#1389,#1390,#1391,#1392,#1393,#1394,#1395,#1396,#1397,#1398,#1399,#1400,#1401,#1402,#1403,#1404,#1405,#1406,#1407,#1408,#1409,#1410,#1411));
#1413=STYLED_ITEM('',(#1414),#1421);
#1414=PRESENTATION_STYLE_ASSIGNMENT((#1415));
#1415=SURFACE_STYLE_USAGE(.BOTH.,#1416);
#1416=SURFACE_SIDE_STYLE('',(#1417));
#1417=SURFACE_STYLE_FILL_AREA(#1418);
#1418=FILL_AREA_STYLE('',(#1419));
#1419=FILL_AREA_STYLE_COLOUR('',#1420);
#1420=COLOUR_RGB('',0.231372549019608,0.380392156862745,0.705882352941177);
#1421=MANIFOLD_SOLID_BREP('Part 1',#1412);
#1422=SHAPE_DEFINITION_REPRESENTATION(#2242,#1423);
#1423=SHAPE_REPRESENTATION('Part 1',(#1424),#2237);
#1424=AXIS2_PLACEMENT_3D('',#1840,#1498,#1499);
#1425=AXIS2_PLACEMENT_3D('',#1841,#1500,#1501);
#1426=AXIS2_PLACEMENT_3D('',#1842,#1502,#1503);
#1427=AXIS2_PLACEMENT_3D('',#1920,#1542,#1543);
#1428=AXIS2_PLACEMENT_3D('',#1921,#1544,#1545);
#1429=AXIS2_PLACEMENT_3D('',#1979,#1574,#1575);
#1430=AXIS2_PLACEMENT_3D('',#1985,#1579,#1580);
#1431=AXIS2_PLACEMENT_3D('',#1991,#1584,#1585);
#1432=AXIS2_PLACEMENT_3D('',#1994,#1588,#1589);
#1433=AXIS2_PLACEMENT_3D('',#2000,#1593,#1594);
#1434=AXIS2_PLACEMENT_3D('',#2006,#1598,#1599);
#1435=AXIS2_PLACEMENT_3D('',#2012,#1603,#1604);
#1436=AXIS2_PLACEMENT_3D('',#2015,#1607,#1608);
#1437=AXIS2_PLACEMENT_3D('',#2018,#1611,#1612);
#1438=AXIS2_PLACEMENT_3D('',#2021,#1615,#1616);
#1439=AXIS2_PLACEMENT_3D('',#2024,#1619,#1620);
#1440=AXIS2_PLACEMENT_3D('',#2027,#1623,#1624);
#1441=AXIS2_PLACEMENT_3D('',#2029,#1626,#1627);
#1442=AXIS2_PLACEMENT_3D('',#2031,#1629,#1630);
#1443=AXIS2_PLACEMENT_3D('',#2033,#1632,#1633);
#1444=AXIS2_PLACEMENT_3D('',#2034,#1634,#1635);
#1445=AXIS2_PLACEMENT_3D('',#2037,#1638,#1639);
#1446=AXIS2_PLACEMENT_3D('',#2038,#1640,#1641);
#1447=AXIS2_PLACEMENT_3D('',#2041,#1644,#1645);
#1448=AXIS2_PLACEMENT_3D('',#2042,#1646,#1647);
#1449=AXIS2_PLACEMENT_3D('',#2044,#1649,#1650);
#1450=AXIS2_PLACEMENT_3D('',#2045,#1651,#1652);
#1451=AXIS2_PLACEMENT_3D('',#2057,#1659,#1660);
#1452=AXIS2_PLACEMENT_3D('',#2069,#1667,#1668);
#1453=AXIS2_PLACEMENT_3D('',#2072,#1671,#1672);
#1454=AXIS2_PLACEMENT_3D('',#2074,#1674,#1675);
#1455=AXIS2_PLACEMENT_3D('',#2086,#1682,#1683);
#1456=AXIS2_PLACEMENT_3D('',#2098,#1690,#1691);
#1457=AXIS2_PLACEMENT_3D('',#2101,#1694,#1695);
#1458=AXIS2_PLACEMENT_3D('',#2103,#1697,#1698);
#1459=AXIS2_PLACEMENT_3D('',#2115,#1705,#1706);
#1460=AXIS2_PLACEMENT_3D('',#2127,#1713,#1714);
#1461=AXIS2_PLACEMENT_3D('',#2130,#1717,#1718);
#1462=AXIS2_PLACEMENT_3D('',#2132,#1720,#1721);
#1463=AXIS2_PLACEMENT_3D('',#2144,#1728,#1729);
#1464=AXIS2_PLACEMENT_3D('',#2156,#1736,#1737);
#1465=AXIS2_PLACEMENT_3D('',#2159,#1740,#1741);
#1466=AXIS2_PLACEMENT_3D('',#2161,#1743,#1744);
#1467=AXIS2_PLACEMENT_3D('',#2163,#1746,#1747);
#1468=AXIS2_PLACEMENT_3D('',#2165,#1749,#1750);
#1469=AXIS2_PLACEMENT_3D('',#2167,#1752,#1753);
#1470=AXIS2_PLACEMENT_3D('',#2169,#1755,#1756);
#1471=AXIS2_PLACEMENT_3D('',#2171,#1758,#1759);
#1472=AXIS2_PLACEMENT_3D('',#2173,#1761,#1762);
#1473=AXIS2_PLACEMENT_3D('',#2185,#1769,#1770);
#1474=AXIS2_PLACEMENT_3D('',#2197,#1777,#1778);
#1475=AXIS2_PLACEMENT_3D('',#2200,#1781,#1782);
#1476=AXIS2_PLACEMENT_3D('',#2203,#1785,#1786);
#1477=AXIS2_PLACEMENT_3D('',#2205,#1788,#1789);
#1478=AXIS2_PLACEMENT_3D('',#2206,#1790,#1791);
#1479=AXIS2_PLACEMENT_3D('',#2208,#1793,#1794);
#1480=AXIS2_PLACEMENT_3D('',#2210,#1796,#1797);
#1481=AXIS2_PLACEMENT_3D('',#2211,#1798,#1799);
#1482=AXIS2_PLACEMENT_3D('',#2212,#1800,#1801);
#1483=AXIS2_PLACEMENT_3D('',#2213,#1802,#1803);
#1484=AXIS2_PLACEMENT_3D('',#2214,#1804,#1805);
#1485=AXIS2_PLACEMENT_3D('',#2215,#1806,#1807);
#1486=AXIS2_PLACEMENT_3D('',#2216,#1808,#1809);
#1487=AXIS2_PLACEMENT_3D('',#2217,#1810,#1811);
#1488=AXIS2_PLACEMENT_3D('',#2218,#1812,#1813);
#1489=AXIS2_PLACEMENT_3D('',#2219,#1814,#1815);
#1490=AXIS2_PLACEMENT_3D('',#2220,#1816,#1817);
#1491=AXIS2_PLACEMENT_3D('',#2223,#1820,#1821);
#1492=AXIS2_PLACEMENT_3D('',#2226,#1824,#1825);
#1493=AXIS2_PLACEMENT_3D('',#2229,#1828,#1829);
#1494=AXIS2_PLACEMENT_3D('',#2232,#1832,#1833);
#1495=AXIS2_PLACEMENT_3D('',#2233,#1834,#1835);
#1496=AXIS2_PLACEMENT_3D('',#2234,#1836,#1837);
#1497=AXIS2_PLACEMENT_3D('',#2235,#1838,#1839);
#1498=DIRECTION('',(0.,0.,1.));
#1499=DIRECTION('',(1.,0.,0.));
#1500=DIRECTION('',(0.,0.,1.));
#1501=DIRECTION('',(1.,0.,0.));
#1502=DIRECTION('',(0.,0.,-1.));
#1503=DIRECTION('',(-1.,0.,0.));
#1504=DIRECTION('',(0.,-1.,0.));
#1505=DIRECTION('',(1.,0.,0.));
#1506=DIRECTION('',(0.,-1.,0.));
#1507=DIRECTION('',(1.,0.,0.));
#1508=DIRECTION('',(0.718602141766593,-0.695421427516054,0.));
#1509=DIRECTION('',(0.,1.,0.));
#1510=DIRECTION('',(-1.,0.,0.));
#1511=DIRECTION('',(0.,-1.,0.));
#1512=DIRECTION('',(-1.,0.,0.));
#1513=DIRECTION('',(0.,1.,0.));
#1514=DIRECTION('',(-1.,0.,0.));
#1515=DIRECTION('',(0.,-1.,0.));
#1516=DIRECTION('',(-1.,0.,0.));
#1517=DIRECTION('',(0.,1.,0.));
#1518=DIRECTION('',(-0.609710760849694,-0.792623989104599,0.));
#1519=DIRECTION('',(0.,1.,0.));
#1520=DIRECTION('',(1.,0.,0.));
#1521=DIRECTION('',(0.,1.,0.));
#1522=DIRECTION('',(-0.675724628517345,0.737154140200743,0.));
#1523=DIRECTION('',(0.,1.,0.));
#1524=DIRECTION('',(1.,0.,0.));
#1525=DIRECTION('',(0.,1.,0.));
#1526=DIRECTION('',(1.,0.,0.));
#1527=DIRECTION('',(0.,1.,0.));
#1528=DIRECTION('',(1.,0.,0.));
#1529=DIRECTION('',(0.,1.,0.));
#1530=DIRECTION('',(1.,0.,0.));
#1531=DIRECTION('',(0.,1.,0.));
#1532=DIRECTION('',(0.759256602365294,0.650791373455972,0.));
#1533=DIRECTION('',(1.,0.,0.));
#1534=DIRECTION('',(1.,0.,0.));
#1535=DIRECTION('',(-0.707106781186545,-0.707106781186551,0.));
#1536=DIRECTION('',(0.,-1.,0.));
#1537=DIRECTION('',(-0.707106781186545,0.707106781186551,0.));
#1538=DIRECTION('',(1.,0.,0.));
#1539=DIRECTION('',(0.707106781186545,0.707106781186551,0.));
#1540=DIRECTION('',(0.,-1.,0.));
#1541=DIRECTION('',(0.707106781186545,-0.707106781186551,0.));
#1542=DIRECTION('',(0.,0.,1.));
#1543=DIRECTION('',(1.,0.,0.));
#1544=DIRECTION('',(0.,0.,-1.));
#1545=DIRECTION('',(-1.,0.,0.));
#1546=DIRECTION('',(-0.609710760849694,-0.792623989104599,0.));
#1547=DIRECTION('',(0.,1.,0.));
#1548=DIRECTION('',(0.,1.,0.));
#1549=DIRECTION('',(0.,1.,0.));
#1550=DIRECTION('',(0.,1.,0.));
#1551=DIRECTION('',(0.,1.,0.));
#1552=DIRECTION('',(0.718602141766593,-0.695421427516054,0.));
#1553=DIRECTION('',(1.,0.,0.));
#1554=DIRECTION('',(1.,0.,0.));
#1555=DIRECTION('',(1.,0.,0.));
#1556=DIRECTION('',(0.759256602365294,0.650791373455972,0.));
#1557=DIRECTION('',(0.,1.,0.));
#1558=DIRECTION('',(0.,1.,0.));
#1559=DIRECTION('',(0.,1.,0.));
#1560=DIRECTION('',(0.,1.,0.));
#1561=DIRECTION('',(0.,1.,0.));
#1562=DIRECTION('',(-0.675724628517345,0.737154140200743,0.));
#1563=DIRECTION('',(0.,1.,0.));
#1564=DIRECTION('',(1.,0.,0.));
#1565=DIRECTION('',(0.,1.,0.));
#1566=DIRECTION('',(0.,-1.,0.));
#1567=DIRECTION('',(0.707106781186545,0.707106781186551,0.));
#1568=DIRECTION('',(1.,0.,0.));
#1569=DIRECTION('',(-0.707106781186545,0.707106781186551,0.));
#1570=DIRECTION('',(0.,-1.,0.));
#1571=DIRECTION('',(-0.707106781186545,-0.707106781186551,0.));
#1572=DIRECTION('',(1.,0.,0.));
#1573=DIRECTION('',(0.707106781186545,-0.707106781186551,0.));
#1574=DIRECTION('',(1.,0.,0.));
#1575=DIRECTION('',(0.,1.,0.));
#1576=DIRECTION('',(0.,-1.,0.));
#1577=DIRECTION('',(0.,0.,1.));
#1578=DIRECTION('',(0.,0.,1.));
#1579=DIRECTION('',(0.,1.,0.));
#1580=DIRECTION('',(-1.,0.,0.));
#1581=DIRECTION('',(1.,0.,0.));
#1582=DIRECTION('',(0.,0.,1.));
#1583=DIRECTION('',(0.,0.,1.));
#1584=DIRECTION('',(0.,-1.,0.));
#1585=DIRECTION('',(0.,0.,-1.));
#1586=DIRECTION('',(0.,0.,1.));
#1587=DIRECTION('',(0.,0.,1.));
#1588=DIRECTION('',(-1.,0.,0.));
#1589=DIRECTION('',(0.,-1.,0.));
#1590=DIRECTION('',(0.,1.,0.));
#1591=DIRECTION('',(0.,0.,1.));
#1592=DIRECTION('',(0.,0.,1.));
#1593=DIRECTION('',(-1.,0.,0.));
#1594=DIRECTION('',(0.,-1.,0.));
#1595=DIRECTION('',(0.,1.,0.));
#1596=DIRECTION('',(0.,0.,1.));
#1597=DIRECTION('',(0.,0.,1.));
#1598=DIRECTION('',(1.,0.,0.));
#1599=DIRECTION('',(0.,1.,0.));
#1600=DIRECTION('',(0.,-1.,0.));
#1601=DIRECTION('',(0.,0.,1.));
#1602=DIRECTION('',(0.,0.,1.));
#1603=DIRECTION('',(1.,0.,0.));
#1604=DIRECTION('',(0.,0.,-1.));
#1605=DIRECTION('',(0.,0.,1.));
#1606=DIRECTION('',(0.,0.,1.));
#1607=DIRECTION('',(1.,0.,0.));
#1608=DIRECTION('',(0.,0.,-1.));
#1609=DIRECTION('',(0.,0.,1.));
#1610=DIRECTION('',(0.,0.,1.));
#1611=DIRECTION('',(-1.,0.,0.));
#1612=DIRECTION('',(0.,0.,1.));
#1613=DIRECTION('',(0.,0.,1.));
#1614=DIRECTION('',(0.,0.,1.));
#1615=DIRECTION('',(-1.,0.,0.));
#1616=DIRECTION('',(0.,0.,1.));
#1617=DIRECTION('',(0.,0.,1.));
#1618=DIRECTION('',(0.,0.,1.));
#1619=DIRECTION('',(-0.792623989104599,0.609710760849694,0.));
#1620=DIRECTION('',(-0.609710760849694,-0.792623989104599,0.));
#1621=DIRECTION('',(0.,0.,1.));
#1622=DIRECTION('',(0.,0.,1.));
#1623=DIRECTION('',(-1.,0.,0.));
#1624=DIRECTION('',(0.,0.,1.));
#1625=DIRECTION('',(0.,0.,1.));
#1626=DIRECTION('',(0.,1.,0.));
#1627=DIRECTION('',(0.,0.,1.));
#1628=DIRECTION('',(0.,0.,1.));
#1629=DIRECTION('',(1.,0.,0.));
#1630=DIRECTION('',(0.,0.,-1.));
#1631=DIRECTION('',(0.,0.,1.));
#1632=DIRECTION('',(0.737154140200743,0.675724628517345,0.));
#1633=DIRECTION('',(-0.675724628517345,0.737154140200743,0.));
#1634=DIRECTION('',(1.,0.,0.));
#1635=DIRECTION('',(0.,0.,-1.));
#1636=DIRECTION('',(0.,0.,1.));
#1637=DIRECTION('',(0.,0.,1.));
#1638=DIRECTION('',(0.650791373455972,-0.759256602365294,0.));
#1639=DIRECTION('',(0.759256602365294,0.650791373455972,0.));
#1640=DIRECTION('',(0.,-1.,0.));
#1641=DIRECTION('',(0.,0.,-1.));
#1642=DIRECTION('',(0.,0.,1.));
#1643=DIRECTION('',(0.,0.,1.));
#1644=DIRECTION('',(-0.695421427516054,-0.718602141766593,0.));
#1645=DIRECTION('',(0.718602141766593,-0.695421427516054,0.));
#1646=DIRECTION('',(-1.,0.,0.));
#1647=DIRECTION('',(0.,0.,1.));
#1648=DIRECTION('',(0.,0.,1.));
#1649=DIRECTION('',(0.,0.,1.));
#1650=DIRECTION('',(1.,0.,0.));
#1651=DIRECTION('',(0.,-1.,0.));
#1652=DIRECTION('',(0.,0.,-1.));
#1653=DIRECTION('',(-1.,0.,0.));
#1654=DIRECTION('',(0.707106781186558,0.,0.707106781186538));
#1655=DIRECTION('',(0.,0.,1.));
#1656=DIRECTION('',(1.,0.,0.));
#1657=DIRECTION('',(0.707106781186558,0.,0.707106781186537));
#1658=DIRECTION('',(0.,0.,1.));
#1659=DIRECTION('',(0.,-1.,0.));
#1660=DIRECTION('',(0.,0.,-1.));
#1661=DIRECTION('',(0.,0.,1.));
#1662=DIRECTION('',(-0.707106781186558,0.,-0.707106781186538));
#1663=DIRECTION('',(-1.,0.,0.));
#1664=DIRECTION('',(0.,0.,1.));
#1665=DIRECTION('',(-0.707106781186558,0.,-0.707106781186537));
#1666=DIRECTION('',(1.,0.,0.));
#1667=DIRECTION('',(0.,0.,1.));
#1668=DIRECTION('',(1.,0.,0.));
#1669=DIRECTION('',(0.,-1.,0.));
#1670=DIRECTION('',(0.,1.,0.));
#1671=DIRECTION('',(1.,0.,0.));
#1672=DIRECTION('',(0.,1.,0.));
#1673=DIRECTION('',(0.,1.,0.));
#1674=DIRECTION('',(0.,-1.,0.));
#1675=DIRECTION('',(0.,0.,-1.));
#1676=DIRECTION('',(-1.,0.,0.));
#1677=DIRECTION('',(0.707106781186558,0.,0.707106781186538));
#1678=DIRECTION('',(0.,0.,1.));
#1679=DIRECTION('',(1.,0.,0.));
#1680=DIRECTION('',(0.707106781186558,0.,0.707106781186537));
#1681=DIRECTION('',(0.,0.,1.));
#1682=DIRECTION('',(0.,-1.,0.));
#1683=DIRECTION('',(0.,0.,-1.));
#1684=DIRECTION('',(0.,0.,1.));
#1685=DIRECTION('',(-0.707106781186558,0.,-0.707106781186538));
#1686=DIRECTION('',(-1.,0.,0.));
#1687=DIRECTION('',(0.,0.,1.));
#1688=DIRECTION('',(-0.707106781186558,0.,-0.707106781186537));
#1689=DIRECTION('',(1.,0.,0.));
#1690=DIRECTION('',(0.,0.,1.));
#1691=DIRECTION('',(1.,0.,0.));
#1692=DIRECTION('',(0.,-1.,0.));
#1693=DIRECTION('',(0.,1.,0.));
#1694=DIRECTION('',(1.,0.,0.));
#1695=DIRECTION('',(0.,1.,0.));
#1696=DIRECTION('',(0.,1.,0.));
#1697=DIRECTION('',(0.,1.,0.));
#1698=DIRECTION('',(0.,0.,1.));
#1699=DIRECTION('',(1.,0.,0.));
#1700=DIRECTION('',(-0.707106781186558,0.,0.707106781186538));
#1701=DIRECTION('',(0.,0.,1.));
#1702=DIRECTION('',(-1.,0.,0.));
#1703=DIRECTION('',(-0.707106781186558,0.,0.707106781186537));
#1704=DIRECTION('',(0.,0.,1.));
#1705=DIRECTION('',(0.,1.,0.));
#1706=DIRECTION('',(0.,0.,1.));
#1707=DIRECTION('',(0.,0.,1.));
#1708=DIRECTION('',(0.707106781186558,0.,-0.707106781186538));
#1709=DIRECTION('',(1.,0.,0.));
#1710=DIRECTION('',(0.,0.,1.));
#1711=DIRECTION('',(0.707106781186558,0.,-0.707106781186537));
#1712=DIRECTION('',(-1.,0.,0.));
#1713=DIRECTION('',(0.,0.,1.));
#1714=DIRECTION('',(1.,0.,0.));
#1715=DIRECTION('',(0.,1.,0.));
#1716=DIRECTION('',(0.,-1.,0.));
#1717=DIRECTION('',(-1.,0.,0.));
#1718=DIRECTION('',(0.,-1.,0.));
#1719=DIRECTION('',(0.,-1.,0.));
#1720=DIRECTION('',(0.,1.,0.));
#1721=DIRECTION('',(0.,0.,1.));
#1722=DIRECTION('',(1.,0.,0.));
#1723=DIRECTION('',(-0.707106781186558,0.,0.707106781186538));
#1724=DIRECTION('',(0.,0.,1.));
#1725=DIRECTION('',(-1.,0.,0.));
#1726=DIRECTION('',(-0.707106781186558,0.,0.707106781186537));
#1727=DIRECTION('',(0.,0.,1.));
#1728=DIRECTION('',(0.,1.,0.));
#1729=DIRECTION('',(0.,0.,1.));
#1730=DIRECTION('',(0.,0.,1.));
#1731=DIRECTION('',(0.707106781186558,0.,-0.707106781186538));
#1732=DIRECTION('',(1.,0.,0.));
#1733=DIRECTION('',(0.,0.,1.));
#1734=DIRECTION('',(0.707106781186558,0.,-0.707106781186537));
#1735=DIRECTION('',(-1.,0.,0.));
#1736=DIRECTION('',(0.,0.,1.));
#1737=DIRECTION('',(1.,0.,0.));
#1738=DIRECTION('',(0.,1.,0.));
#1739=DIRECTION('',(0.,-1.,0.));
#1740=DIRECTION('',(-1.,0.,0.));
#1741=DIRECTION('',(0.,-1.,0.));
#1742=DIRECTION('',(0.,-1.,0.));
#1743=DIRECTION('',(0.,0.,1.));
#1744=DIRECTION('',(1.,0.,0.));
#1745=DIRECTION('',(0.,-1.,0.));
#1746=DIRECTION('',(-1.,0.,0.));
#1747=DIRECTION('',(0.,-1.,0.));
#1748=DIRECTION('',(0.,1.,0.));
#1749=DIRECTION('',(0.,0.,1.));
#1750=DIRECTION('',(1.,0.,0.));
#1751=DIRECTION('',(0.,1.,0.));
#1752=DIRECTION('',(1.,0.,0.));
#1753=DIRECTION('',(0.,1.,0.));
#1754=DIRECTION('',(0.,-1.,0.));
#1755=DIRECTION('',(0.,0.,1.));
#1756=DIRECTION('',(1.,0.,0.));
#1757=DIRECTION('',(0.,1.,0.));
#1758=DIRECTION('',(1.,0.,0.));
#1759=DIRECTION('',(0.,1.,0.));
#1760=DIRECTION('',(0.,-1.,0.));
#1761=DIRECTION('',(1.,0.,0.));
#1762=DIRECTION('',(0.,0.,-1.));
#1763=DIRECTION('',(0.,0.,1.));
#1764=DIRECTION('',(0.,0.707106781186558,-0.707106781186538));
#1765=DIRECTION('',(0.,-1.,0.));
#1766=DIRECTION('',(0.,0.,1.));
#1767=DIRECTION('',(0.,1.,0.));
#1768=DIRECTION('',(0.,0.707106781186558,0.707106781186537));
#1769=DIRECTION('',(1.,0.,0.));
#1770=DIRECTION('',(0.,0.,-1.));
#1771=DIRECTION('',(0.,-1.,0.));
#1772=DIRECTION('',(0.,-0.707106781186558,0.707106781186538));
#1773=DIRECTION('',(0.,0.,1.));
#1774=DIRECTION('',(0.,-0.707106781186558,-0.707106781186537));
#1775=DIRECTION('',(0.,1.,0.));
#1776=DIRECTION('',(0.,0.,1.));
#1777=DIRECTION('',(0.,0.,1.));
#1778=DIRECTION('',(1.,0.,0.));
#1779=DIRECTION('',(-1.,0.,0.));
#1780=DIRECTION('',(-1.,0.,0.));
#1781=DIRECTION('',(0.,1.,0.));
#1782=DIRECTION('',(-1.,0.,0.));
#1783=DIRECTION('',(1.,0.,0.));
#1784=DIRECTION('',(-1.,0.,0.));
#1785=DIRECTION('',(0.,0.,1.));
#1786=DIRECTION('',(1.,0.,0.));
#1787=DIRECTION('',(1.,0.,0.));
#1788=DIRECTION('',(0.,-1.,0.));
#1789=DIRECTION('',(1.,0.,0.));
#1790=DIRECTION('',(0.,0.,1.));
#1791=DIRECTION('',(1.,0.,0.));
#1792=DIRECTION('',(0.,-1.,0.));
#1793=DIRECTION('',(-1.,0.,0.));
#1794=DIRECTION('',(0.,-1.,0.));
#1795=DIRECTION('',(0.,1.,0.));
#1796=DIRECTION('',(0.707106781186538,0.,-0.707106781186558));
#1797=DIRECTION('',(0.,1.,0.));
#1798=DIRECTION('',(0.,-0.707106781186538,-0.707106781186558));
#1799=DIRECTION('',(-1.,0.,0.));
#1800=DIRECTION('',(0.,0.707106781186537,-0.707106781186558));
#1801=DIRECTION('',(-1.,0.,0.));
#1802=DIRECTION('',(-0.707106781186538,0.,-0.707106781186558));
#1803=DIRECTION('',(0.,-1.,0.));
#1804=DIRECTION('',(-0.707106781186538,0.,-0.707106781186558));
#1805=DIRECTION('',(0.,-1.,0.));
#1806=DIRECTION('',(0.707106781186538,0.,-0.707106781186558));
#1807=DIRECTION('',(0.,1.,0.));
#1808=DIRECTION('',(-0.707106781186537,0.,-0.707106781186558));
#1809=DIRECTION('',(0.,-1.,0.));
#1810=DIRECTION('',(-0.707106781186537,0.,-0.707106781186558));
#1811=DIRECTION('',(0.,-1.,0.));
#1812=DIRECTION('',(0.707106781186537,0.,-0.707106781186558));
#1813=DIRECTION('',(0.,1.,0.));
#1814=DIRECTION('',(0.707106781186537,0.,-0.707106781186558));
#1815=DIRECTION('',(0.,1.,0.));
#1816=DIRECTION('',(0.,-1.,0.));
#1817=DIRECTION('',(0.,0.,-1.));
#1818=DIRECTION('',(0.,0.,1.));
#1819=DIRECTION('',(0.,0.,-1.));
#1820=DIRECTION('',(-1.,0.,0.));
#1821=DIRECTION('',(0.,0.,1.));
#1822=DIRECTION('',(0.,0.,-1.));
#1823=DIRECTION('',(0.,0.,1.));
#1824=DIRECTION('',(0.,-1.,0.));
#1825=DIRECTION('',(0.,0.,-1.));
#1826=DIRECTION('',(0.,0.,-1.));
#1827=DIRECTION('',(0.,0.,1.));
#1828=DIRECTION('',(-1.,0.,0.));
#1829=DIRECTION('',(0.,0.,1.));
#1830=DIRECTION('',(0.,0.,1.));
#1831=DIRECTION('',(0.,0.,-1.));
#1832=DIRECTION('',(0.707106781186551,-0.707106781186545,0.));
#1833=DIRECTION('',(0.,0.,1.));
#1834=DIRECTION('',(0.707106781186551,0.707106781186545,0.));
#1835=DIRECTION('',(0.,0.,-1.));
#1836=DIRECTION('',(-0.707106781186551,-0.707106781186545,0.));
#1837=DIRECTION('',(0.,0.,-1.));
#1838=DIRECTION('',(-0.707106781186551,0.707106781186545,0.));
#1839=DIRECTION('',(0.,0.,1.));
#1840=CARTESIAN_POINT('',(0.,0.,0.));
#1841=CARTESIAN_POINT('',(0.,0.,-0.0004));
#1842=CARTESIAN_POINT('',(0.1446,-0.06755,-0.0004));
#1843=CARTESIAN_POINT('',(0.1435,-0.06755,-0.0004));
#1844=CARTESIAN_POINT('',(0.142,-0.06385,-0.0004));
#1845=CARTESIAN_POINT('',(0.142,-0.06405,-0.0004));
#1846=CARTESIAN_POINT('',(0.142,-0.06445,-0.0004));
#1847=CARTESIAN_POINT('',(0.14698,-0.06405,-0.0004));
#1848=CARTESIAN_POINT('',(0.14698,-0.06405,-0.0004));
#1849=CARTESIAN_POINT('',(0.14698,-0.06385,-0.0004));
#1850=CARTESIAN_POINT('',(0.14698,-0.06445,-0.0004));
#1851=CARTESIAN_POINT('',(0.,-0.06445,-0.0004));
#1852=CARTESIAN_POINT('',(0.14825,-0.06445,-0.0004));
#1853=CARTESIAN_POINT('',(0.14825,-0.06445,-0.0004));
#1854=CARTESIAN_POINT('',(0.15135,-0.06745,-0.0004));
#1855=CARTESIAN_POINT('',(0.15135,0.,-0.0004));
#1856=CARTESIAN_POINT('',(0.15135,-0.08345,-0.0004));
#1857=CARTESIAN_POINT('',(0.15195,-0.08345,-0.0004));
#1858=CARTESIAN_POINT('',(0.15175,-0.08345,-0.0004));
#1859=CARTESIAN_POINT('',(0.15175,-0.08545,-0.0004));
#1860=CARTESIAN_POINT('',(0.15175,-0.08545,-0.0004));
#1861=CARTESIAN_POINT('',(0.15195,-0.08545,-0.0004));
#1862=CARTESIAN_POINT('',(0.15135,-0.08545,-0.0004));
#1863=CARTESIAN_POINT('',(0.15135,0.,-0.0004));
#1864=CARTESIAN_POINT('',(0.15135,-0.09725,-0.0004));
#1865=CARTESIAN_POINT('',(0.15195,-0.09725,-0.0004));
#1866=CARTESIAN_POINT('',(0.15175,-0.09725,-0.0004));
#1867=CARTESIAN_POINT('',(0.15175,-0.09925,-0.0004));
#1868=CARTESIAN_POINT('',(0.15175,-0.09925,-0.0004));
#1869=CARTESIAN_POINT('',(0.15195,-0.09925,-0.0004));
#1870=CARTESIAN_POINT('',(0.15135,-0.09925,-0.0004));
#1871=CARTESIAN_POINT('',(0.15135,0.,-0.0004));
#1872=CARTESIAN_POINT('',(0.15135,-0.11325,-0.0004));
#1873=CARTESIAN_POINT('',(0.15135,-0.11325,-0.0004));
#1874=CARTESIAN_POINT('',(0.15035,-0.11455,-0.0004));
#1875=CARTESIAN_POINT('',(0.15035,0.,-0.0004));
#1876=CARTESIAN_POINT('',(0.15035,-0.12655,-0.0004));
#1877=CARTESIAN_POINT('',(0.,-0.12655,-0.0004));
#1878=CARTESIAN_POINT('',(0.13835,-0.12655,-0.0004));
#1879=CARTESIAN_POINT('',(0.13835,0.,-0.0004));
#1880=CARTESIAN_POINT('',(0.13835,-0.11455,-0.0004));
#1881=CARTESIAN_POINT('',(0.13835,-0.11455,-0.0004));
#1882=CARTESIAN_POINT('',(0.13725,-0.11335,-0.0004));
#1883=CARTESIAN_POINT('',(0.13725,0.,-0.0004));
#1884=CARTESIAN_POINT('',(0.13725,-0.09935,-0.0004));
#1885=CARTESIAN_POINT('',(0.13665,-0.09935,-0.0004));
#1886=CARTESIAN_POINT('',(0.13685,-0.09935,-0.0004));
#1887=CARTESIAN_POINT('',(0.13685,-0.09735,-0.0004));
#1888=CARTESIAN_POINT('',(0.13685,-0.09735,-0.0004));
#1889=CARTESIAN_POINT('',(0.13665,-0.09735,-0.0004));
#1890=CARTESIAN_POINT('',(0.13725,-0.09735,-0.0004));
#1891=CARTESIAN_POINT('',(0.13725,0.,-0.0004));
#1892=CARTESIAN_POINT('',(0.13725,-0.08545,-0.0004));
#1893=CARTESIAN_POINT('',(0.13665,-0.08545,-0.0004));
#1894=CARTESIAN_POINT('',(0.13685,-0.08545,-0.0004));
#1895=CARTESIAN_POINT('',(0.13685,-0.08345,-0.0004));
#1896=CARTESIAN_POINT('',(0.13685,-0.08345,-0.0004));
#1897=CARTESIAN_POINT('',(0.13665,-0.08345,-0.0004));
#1898=CARTESIAN_POINT('',(0.13725,-0.08345,-0.0004));
#1899=CARTESIAN_POINT('',(0.13725,0.,-0.0004));
#1900=CARTESIAN_POINT('',(0.13725,-0.06745,-0.0004));
#1901=CARTESIAN_POINT('',(0.13725,-0.06745,-0.0004));
#1902=CARTESIAN_POINT('',(0.14075,-0.06445,-0.0004));
#1903=CARTESIAN_POINT('',(0.,-0.06445,-0.0004));
#1904=CARTESIAN_POINT('',(0.144266068935394,-0.07045,-0.0004));
#1905=CARTESIAN_POINT('',(0.14055919919014,-0.07045,-0.0004));
#1906=CARTESIAN_POINT('',(0.147972938680649,-0.07045,-0.0004));
#1907=CARTESIAN_POINT('',(0.10550459959507,-0.10550459959507,-0.0004));
#1908=CARTESIAN_POINT('',(0.13895919919014,-0.07205,-0.0004));
#1909=CARTESIAN_POINT('',(0.13895919919014,-0.0915,-0.0004));
#1910=CARTESIAN_POINT('',(0.13895919919014,-0.11095,-0.0004));
#1911=CARTESIAN_POINT('',(0.0140045995950705,0.0140045995950704,-0.0004));
#1912=CARTESIAN_POINT('',(0.14055919919014,-0.11255,-0.0004));
#1913=CARTESIAN_POINT('',(0.144266068935394,-0.11255,-0.0004));
#1914=CARTESIAN_POINT('',(0.147972938680649,-0.11255,-0.0004));
#1915=CARTESIAN_POINT('',(0.130261469340325,-0.130261469340324,-0.0004));
#1916=CARTESIAN_POINT('',(0.149572938680649,-0.11095,-0.0004));
#1917=CARTESIAN_POINT('',(0.149572938680649,-0.0915,-0.0004));
#1918=CARTESIAN_POINT('',(0.149572938680649,-0.07205,-0.0004));
#1919=CARTESIAN_POINT('',(0.038761469340325,0.0387614693403247,-0.0004));
#1920=CARTESIAN_POINT('',(0.,0.,0.));
#1921=CARTESIAN_POINT('',(0.1446,-0.06755,0.));
#1922=CARTESIAN_POINT('',(0.1435,-0.06755,0.));
#1923=CARTESIAN_POINT('',(0.15135,-0.11325,0.));
#1924=CARTESIAN_POINT('',(0.15135,-0.11325,0.));
#1925=CARTESIAN_POINT('',(0.15035,-0.11455,0.));
#1926=CARTESIAN_POINT('',(0.15135,0.,0.));
#1927=CARTESIAN_POINT('',(0.15135,-0.09925,0.));
#1928=CARTESIAN_POINT('',(0.15135,0.,0.));
#1929=CARTESIAN_POINT('',(0.15135,-0.09725,0.));
#1930=CARTESIAN_POINT('',(0.15135,0.,0.));
#1931=CARTESIAN_POINT('',(0.15135,-0.08545,0.));
#1932=CARTESIAN_POINT('',(0.15135,0.,0.));
#1933=CARTESIAN_POINT('',(0.15135,-0.08345,0.));
#1934=CARTESIAN_POINT('',(0.15135,0.,0.));
#1935=CARTESIAN_POINT('',(0.15135,-0.06745,0.));
#1936=CARTESIAN_POINT('',(0.14825,-0.06445,0.));
#1937=CARTESIAN_POINT('',(0.14825,-0.06445,0.));
#1938=CARTESIAN_POINT('',(0.,-0.06445,0.));
#1939=CARTESIAN_POINT('',(0.14698,-0.06445,0.));
#1940=CARTESIAN_POINT('',(0.,-0.06445,0.));
#1941=CARTESIAN_POINT('',(0.142,-0.06445,0.));
#1942=CARTESIAN_POINT('',(0.,-0.06445,0.));
#1943=CARTESIAN_POINT('',(0.14075,-0.06445,0.));
#1944=CARTESIAN_POINT('',(0.13725,-0.06745,0.));
#1945=CARTESIAN_POINT('',(0.13725,-0.06745,0.));
#1946=CARTESIAN_POINT('',(0.13725,0.,0.));
#1947=CARTESIAN_POINT('',(0.13725,-0.08345,0.));
#1948=CARTESIAN_POINT('',(0.13725,0.,0.));
#1949=CARTESIAN_POINT('',(0.13725,-0.08545,0.));
#1950=CARTESIAN_POINT('',(0.13725,0.,0.));
#1951=CARTESIAN_POINT('',(0.13725,-0.09735,0.));
#1952=CARTESIAN_POINT('',(0.13725,0.,0.));
#1953=CARTESIAN_POINT('',(0.13725,-0.09935,0.));
#1954=CARTESIAN_POINT('',(0.13725,0.,0.));
#1955=CARTESIAN_POINT('',(0.13725,-0.11335,0.));
#1956=CARTESIAN_POINT('',(0.13835,-0.11455,0.));
#1957=CARTESIAN_POINT('',(0.13835,-0.11455,0.));
#1958=CARTESIAN_POINT('',(0.13835,0.,0.));
#1959=CARTESIAN_POINT('',(0.13835,-0.12655,0.));
#1960=CARTESIAN_POINT('',(0.,-0.12655,0.));
#1961=CARTESIAN_POINT('',(0.15035,-0.12655,0.));
#1962=CARTESIAN_POINT('',(0.15035,0.,0.));
#1963=CARTESIAN_POINT('',(0.13895919919014,-0.0915,0.));
#1964=CARTESIAN_POINT('',(0.13895919919014,-0.07205,0.));
#1965=CARTESIAN_POINT('',(0.13895919919014,-0.11095,0.));
#1966=CARTESIAN_POINT('',(0.13895919919014,-0.07205,0.));
#1967=CARTESIAN_POINT('',(0.14055919919014,-0.07045,0.));
#1968=CARTESIAN_POINT('',(0.144266068935394,-0.07045,0.));
#1969=CARTESIAN_POINT('',(0.147972938680649,-0.07045,0.));
#1970=CARTESIAN_POINT('',(0.147972938680649,-0.07045,0.));
#1971=CARTESIAN_POINT('',(0.149572938680649,-0.07205,0.));
#1972=CARTESIAN_POINT('',(0.149572938680649,-0.0915,0.));
#1973=CARTESIAN_POINT('',(0.149572938680649,-0.11095,0.));
#1974=CARTESIAN_POINT('',(0.149572938680649,-0.11095,0.));
#1975=CARTESIAN_POINT('',(0.147972938680649,-0.11255,0.));
#1976=CARTESIAN_POINT('',(0.144266068935394,-0.11255,0.));
#1977=CARTESIAN_POINT('',(0.14055919919014,-0.11255,0.));
#1978=CARTESIAN_POINT('',(0.14055919919014,-0.11255,0.));
#1979=CARTESIAN_POINT('',(0.15135,-0.09035,0.00095));
#1980=CARTESIAN_POINT('',(0.15135,-0.09825,0.0016));
#1981=CARTESIAN_POINT('',(0.15135,-0.09725,0.0016));
#1982=CARTESIAN_POINT('',(0.15135,-0.09925,0.0016));
#1983=CARTESIAN_POINT('',(0.15135,-0.09725,0.00095));
#1984=CARTESIAN_POINT('',(0.15135,-0.09925,0.00095));
#1985=CARTESIAN_POINT('',(0.1445,-0.06445,0.00095));
#1986=CARTESIAN_POINT('',(0.14449,-0.06445,0.0016));
#1987=CARTESIAN_POINT('',(0.142,-0.06445,0.0016));
#1988=CARTESIAN_POINT('',(0.14698,-0.06445,0.0016));
#1989=CARTESIAN_POINT('',(0.142,-0.06445,0.00095));
#1990=CARTESIAN_POINT('',(0.14698,-0.06445,0.00095));
#1991=CARTESIAN_POINT('',(0.,-0.06445,-0.0004));
#1992=CARTESIAN_POINT('',(0.142,-0.06445,0.00095));
#1993=CARTESIAN_POINT('',(0.14075,-0.06445,-0.0004));
#1994=CARTESIAN_POINT('',(0.13725,-0.0904,0.00095));
#1995=CARTESIAN_POINT('',(0.13725,-0.09835,0.0016));
#1996=CARTESIAN_POINT('',(0.13725,-0.09935,0.0016));
#1997=CARTESIAN_POINT('',(0.13725,-0.09735,0.0016));
#1998=CARTESIAN_POINT('',(0.13725,-0.09935,0.00095));
#1999=CARTESIAN_POINT('',(0.13725,-0.09735,0.00095));
#2000=CARTESIAN_POINT('',(0.13725,-0.0904,0.00095));
#2001=CARTESIAN_POINT('',(0.13725,-0.08445,0.0016));
#2002=CARTESIAN_POINT('',(0.13725,-0.08545,0.0016));
#2003=CARTESIAN_POINT('',(0.13725,-0.08345,0.0016));
#2004=CARTESIAN_POINT('',(0.13725,-0.08545,0.00095));
#2005=CARTESIAN_POINT('',(0.13725,-0.08345,0.00095));
#2006=CARTESIAN_POINT('',(0.15135,-0.09035,0.00095));
#2007=CARTESIAN_POINT('',(0.15135,-0.08445,0.0016));
#2008=CARTESIAN_POINT('',(0.15135,-0.08345,0.0016));
#2009=CARTESIAN_POINT('',(0.15135,-0.08545,0.0016));
#2010=CARTESIAN_POINT('',(0.15135,-0.08345,0.00095));
#2011=CARTESIAN_POINT('',(0.15135,-0.08545,0.00095));
#2012=CARTESIAN_POINT('',(0.13725,0.,-0.0004));
#2013=CARTESIAN_POINT('',(0.13725,-0.08545,0.00095));
#2014=CARTESIAN_POINT('',(0.13725,-0.09735,0.00095));
#2015=CARTESIAN_POINT('',(0.13725,0.,-0.0004));
#2016=CARTESIAN_POINT('',(0.13725,-0.09935,0.00095));
#2017=CARTESIAN_POINT('',(0.13725,-0.11335,-0.0004));
#2018=CARTESIAN_POINT('',(0.15135,0.,-0.0004));
#2019=CARTESIAN_POINT('',(0.15135,-0.09725,0.00095));
#2020=CARTESIAN_POINT('',(0.15135,-0.08545,0.00095));
#2021=CARTESIAN_POINT('',(0.15135,0.,-0.0004));
#2022=CARTESIAN_POINT('',(0.15135,-0.08345,0.00095));
#2023=CARTESIAN_POINT('',(0.15135,-0.06745,-0.0004));
#2024=CARTESIAN_POINT('',(0.15135,-0.11325,-0.0004));
#2025=CARTESIAN_POINT('',(0.15035,-0.11455,-0.0004));
#2026=CARTESIAN_POINT('',(0.15135,-0.11325,-0.0004));
#2027=CARTESIAN_POINT('',(0.15035,0.,-0.0004));
#2028=CARTESIAN_POINT('',(0.15035,-0.12655,-0.0004));
#2029=CARTESIAN_POINT('',(0.,-0.12655,-0.0004));
#2030=CARTESIAN_POINT('',(0.13835,-0.12655,-0.0004));
#2031=CARTESIAN_POINT('',(0.13835,0.,-0.0004));
#2032=CARTESIAN_POINT('',(0.13835,-0.11455,-0.0004));
#2033=CARTESIAN_POINT('',(0.13835,-0.11455,-0.0004));
#2034=CARTESIAN_POINT('',(0.13725,0.,-0.0004));
#2035=CARTESIAN_POINT('',(0.13725,-0.08345,0.00095));
#2036=CARTESIAN_POINT('',(0.13725,-0.06745,-0.0004));
#2037=CARTESIAN_POINT('',(0.13725,-0.06745,-0.0004));
#2038=CARTESIAN_POINT('',(0.,-0.06445,-0.0004));
#2039=CARTESIAN_POINT('',(0.14698,-0.06445,0.00095));
#2040=CARTESIAN_POINT('',(0.14825,-0.06445,-0.0004));
#2041=CARTESIAN_POINT('',(0.14825,-0.06445,-0.0004));
#2042=CARTESIAN_POINT('',(0.15135,0.,-0.0004));
#2043=CARTESIAN_POINT('',(0.15135,-0.09925,0.00095));
#2044=CARTESIAN_POINT('',(0.1446,-0.06755,-0.0004));
#2045=CARTESIAN_POINT('',(0.15195,-0.08545,0.00095));
#2046=CARTESIAN_POINT('',(0.15195,-0.08545,0.0023));
#2047=CARTESIAN_POINT('',(0.15195,-0.08545,0.0023));
#2048=CARTESIAN_POINT('',(0.15055,-0.08545,0.0023));
#2049=CARTESIAN_POINT('',(0.150575,-0.08545,0.002325));
#2050=CARTESIAN_POINT('',(0.15035,-0.08545,0.0021));
#2051=CARTESIAN_POINT('',(0.15035,-0.08545,0.00095));
#2052=CARTESIAN_POINT('',(0.15035,-0.08545,0.0016));
#2053=CARTESIAN_POINT('',(0.15035,-0.08545,0.0016));
#2054=CARTESIAN_POINT('',(0.152525,-0.08545,0.000374999999999983));
#2055=CARTESIAN_POINT('',(0.15195,-0.08545,-0.0002));
#2056=CARTESIAN_POINT('',(0.15195,-0.08545,0.00095));
#2057=CARTESIAN_POINT('',(0.15195,-0.08345,0.00095));
#2058=CARTESIAN_POINT('',(0.15035,-0.08345,0.00095));
#2059=CARTESIAN_POINT('',(0.15035,-0.08345,0.0016));
#2060=CARTESIAN_POINT('',(0.15035,-0.08345,0.0021));
#2061=CARTESIAN_POINT('',(0.15035,-0.08345,0.0021));
#2062=CARTESIAN_POINT('',(0.15055,-0.08345,0.0023));
#2063=CARTESIAN_POINT('',(0.15195,-0.08345,0.0023));
#2064=CARTESIAN_POINT('',(0.15195,-0.08345,0.0023));
#2065=CARTESIAN_POINT('',(0.15195,-0.08345,0.00095));
#2066=CARTESIAN_POINT('',(0.15195,-0.08345,-0.0002));
#2067=CARTESIAN_POINT('',(0.15175,-0.08345,-0.0004));
#2068=CARTESIAN_POINT('',(0.15035,-0.08345,0.0016));
#2069=CARTESIAN_POINT('',(0.15195,-0.08445,0.0023));
#2070=CARTESIAN_POINT('',(0.15055,-0.08445,0.0023));
#2071=CARTESIAN_POINT('',(0.15195,-0.08445,0.0023));
#2072=CARTESIAN_POINT('',(0.15195,-0.09035,0.00095));
#2073=CARTESIAN_POINT('',(0.15195,-0.08345,-0.0002));
#2074=CARTESIAN_POINT('',(0.15195,-0.09925,0.00095));
#2075=CARTESIAN_POINT('',(0.15195,-0.09925,0.0023));
#2076=CARTESIAN_POINT('',(0.15195,-0.09925,0.0023));
#2077=CARTESIAN_POINT('',(0.15055,-0.09925,0.0023));
#2078=CARTESIAN_POINT('',(0.150575,-0.09925,0.002325));
#2079=CARTESIAN_POINT('',(0.15035,-0.09925,0.0021));
#2080=CARTESIAN_POINT('',(0.15035,-0.09925,0.00095));
#2081=CARTESIAN_POINT('',(0.15035,-0.09925,0.0016));
#2082=CARTESIAN_POINT('',(0.15035,-0.09925,0.0016));
#2083=CARTESIAN_POINT('',(0.152525,-0.09925,0.000374999999999983));
#2084=CARTESIAN_POINT('',(0.15195,-0.09925,-0.0002));
#2085=CARTESIAN_POINT('',(0.15195,-0.09925,0.00095));
#2086=CARTESIAN_POINT('',(0.15195,-0.09725,0.00095));
#2087=CARTESIAN_POINT('',(0.15035,-0.09725,0.00095));
#2088=CARTESIAN_POINT('',(0.15035,-0.09725,0.0016));
#2089=CARTESIAN_POINT('',(0.15035,-0.09725,0.0021));
#2090=CARTESIAN_POINT('',(0.15035,-0.09725,0.0021));
#2091=CARTESIAN_POINT('',(0.15055,-0.09725,0.0023));
#2092=CARTESIAN_POINT('',(0.15195,-0.09725,0.0023));
#2093=CARTESIAN_POINT('',(0.15195,-0.09725,0.0023));
#2094=CARTESIAN_POINT('',(0.15195,-0.09725,0.00095));
#2095=CARTESIAN_POINT('',(0.15195,-0.09725,-0.0002));
#2096=CARTESIAN_POINT('',(0.15175,-0.09725,-0.0004));
#2097=CARTESIAN_POINT('',(0.15035,-0.09725,0.0016));
#2098=CARTESIAN_POINT('',(0.15195,-0.09825,0.0023));
#2099=CARTESIAN_POINT('',(0.15055,-0.09825,0.0023));
#2100=CARTESIAN_POINT('',(0.15195,-0.09825,0.0023));
#2101=CARTESIAN_POINT('',(0.15195,-0.09035,0.00095));
#2102=CARTESIAN_POINT('',(0.15195,-0.09725,-0.0002));
#2103=CARTESIAN_POINT('',(0.13665,-0.09735,0.00095));
#2104=CARTESIAN_POINT('',(0.13665,-0.09735,0.0023));
#2105=CARTESIAN_POINT('',(0.13665,-0.09735,0.0023));
#2106=CARTESIAN_POINT('',(0.13805,-0.09735,0.0023));
#2107=CARTESIAN_POINT('',(0.138025,-0.09735,0.002325));
#2108=CARTESIAN_POINT('',(0.13825,-0.09735,0.0021));
#2109=CARTESIAN_POINT('',(0.13825,-0.09735,0.00095));
#2110=CARTESIAN_POINT('',(0.13825,-0.09735,0.0016));
#2111=CARTESIAN_POINT('',(0.13825,-0.09735,0.0016));
#2112=CARTESIAN_POINT('',(0.136075,-0.09735,0.000374999999999983));
#2113=CARTESIAN_POINT('',(0.13665,-0.09735,-0.0002));
#2114=CARTESIAN_POINT('',(0.13665,-0.09735,0.00095));
#2115=CARTESIAN_POINT('',(0.13665,-0.09935,0.00095));
#2116=CARTESIAN_POINT('',(0.13825,-0.09935,0.00095));
#2117=CARTESIAN_POINT('',(0.13825,-0.09935,0.0016));
#2118=CARTESIAN_POINT('',(0.13825,-0.09935,0.0021));
#2119=CARTESIAN_POINT('',(0.13825,-0.09935,0.0021));
#2120=CARTESIAN_POINT('',(0.13805,-0.09935,0.0023));
#2121=CARTESIAN_POINT('',(0.13665,-0.09935,0.0023));
#2122=CARTESIAN_POINT('',(0.13665,-0.09935,0.0023));
#2123=CARTESIAN_POINT('',(0.13665,-0.09935,0.00095));
#2124=CARTESIAN_POINT('',(0.13665,-0.09935,-0.0002));
#2125=CARTESIAN_POINT('',(0.13685,-0.09935,-0.0004));
#2126=CARTESIAN_POINT('',(0.13825,-0.09935,0.0016));
#2127=CARTESIAN_POINT('',(0.13665,-0.09835,0.0023));
#2128=CARTESIAN_POINT('',(0.13805,-0.09835,0.0023));
#2129=CARTESIAN_POINT('',(0.13665,-0.09835,0.0023));
#2130=CARTESIAN_POINT('',(0.13665,-0.0904,0.00095));
#2131=CARTESIAN_POINT('',(0.13665,-0.09935,-0.0002));
#2132=CARTESIAN_POINT('',(0.13665,-0.08345,0.00095));
#2133=CARTESIAN_POINT('',(0.13665,-0.08345,0.0023));
#2134=CARTESIAN_POINT('',(0.13665,-0.08345,0.0023));
#2135=CARTESIAN_POINT('',(0.13805,-0.08345,0.0023));
#2136=CARTESIAN_POINT('',(0.138025,-0.08345,0.002325));
#2137=CARTESIAN_POINT('',(0.13825,-0.08345,0.0021));
#2138=CARTESIAN_POINT('',(0.13825,-0.08345,0.00095));
#2139=CARTESIAN_POINT('',(0.13825,-0.08345,0.0016));
#2140=CARTESIAN_POINT('',(0.13825,-0.08345,0.0016));
#2141=CARTESIAN_POINT('',(0.136075,-0.08345,0.000374999999999983));
#2142=CARTESIAN_POINT('',(0.13665,-0.08345,-0.0002));
#2143=CARTESIAN_POINT('',(0.13665,-0.08345,0.00095));
#2144=CARTESIAN_POINT('',(0.13665,-0.08545,0.00095));
#2145=CARTESIAN_POINT('',(0.13825,-0.08545,0.00095));
#2146=CARTESIAN_POINT('',(0.13825,-0.08545,0.0016));
#2147=CARTESIAN_POINT('',(0.13825,-0.08545,0.0021));
#2148=CARTESIAN_POINT('',(0.13825,-0.08545,0.0021));
#2149=CARTESIAN_POINT('',(0.13805,-0.08545,0.0023));
#2150=CARTESIAN_POINT('',(0.13665,-0.08545,0.0023));
#2151=CARTESIAN_POINT('',(0.13665,-0.08545,0.0023));
#2152=CARTESIAN_POINT('',(0.13665,-0.08545,0.00095));
#2153=CARTESIAN_POINT('',(0.13665,-0.08545,-0.0002));
#2154=CARTESIAN_POINT('',(0.13685,-0.08545,-0.0004));
#2155=CARTESIAN_POINT('',(0.13825,-0.08545,0.0016));
#2156=CARTESIAN_POINT('',(0.13665,-0.08445,0.0023));
#2157=CARTESIAN_POINT('',(0.13805,-0.08445,0.0023));
#2158=CARTESIAN_POINT('',(0.13665,-0.08445,0.0023));
#2159=CARTESIAN_POINT('',(0.13665,-0.0904,0.00095));
#2160=CARTESIAN_POINT('',(0.13665,-0.08545,-0.0002));
#2161=CARTESIAN_POINT('',(0.15035,-0.08445,0.0016));
#2162=CARTESIAN_POINT('',(0.15035,-0.08445,0.0016));
#2163=CARTESIAN_POINT('',(0.15035,-0.08445,0.00115));
#2164=CARTESIAN_POINT('',(0.15035,-0.08445,0.0021));
#2165=CARTESIAN_POINT('',(0.13825,-0.08445,0.0016));
#2166=CARTESIAN_POINT('',(0.13825,-0.08445,0.0016));
#2167=CARTESIAN_POINT('',(0.13825,-0.08445,0.00115));
#2168=CARTESIAN_POINT('',(0.13825,-0.08445,0.0021));
#2169=CARTESIAN_POINT('',(0.13825,-0.09835,0.0016));
#2170=CARTESIAN_POINT('',(0.13825,-0.09835,0.0016));
#2171=CARTESIAN_POINT('',(0.13825,-0.09835,0.00115));
#2172=CARTESIAN_POINT('',(0.13825,-0.09835,0.0021));
#2173=CARTESIAN_POINT('',(0.14698,-0.06385,0.00095));
#2174=CARTESIAN_POINT('',(0.14698,-0.06385,0.00095));
#2175=CARTESIAN_POINT('',(0.14698,-0.06385,-0.0002));
#2176=CARTESIAN_POINT('',(0.14698,-0.06385,0.0021));
#2177=CARTESIAN_POINT('',(0.14698,-0.063275,0.001525));
#2178=CARTESIAN_POINT('',(0.14698,-0.06405,0.0023));
#2179=CARTESIAN_POINT('',(0.14698,-0.06385,0.0023));
#2180=CARTESIAN_POINT('',(0.14698,-0.06545,0.0023));
#2181=CARTESIAN_POINT('',(0.14698,-0.06545,0.00095));
#2182=CARTESIAN_POINT('',(0.14698,-0.06545,0.0016));
#2183=CARTESIAN_POINT('',(0.14698,-0.06545,0.0016));
#2184=CARTESIAN_POINT('',(0.14698,-0.063275,0.000374999999999983));
#2185=CARTESIAN_POINT('',(0.142,-0.06385,0.00095));
#2186=CARTESIAN_POINT('',(0.142,-0.06385,0.0023));
#2187=CARTESIAN_POINT('',(0.142,-0.06405,0.0023));
#2188=CARTESIAN_POINT('',(0.142,-0.06545,0.0023));
#2189=CARTESIAN_POINT('',(0.142,-0.06405,0.0023));
#2190=CARTESIAN_POINT('',(0.142,-0.06385,0.0021));
#2191=CARTESIAN_POINT('',(0.142,-0.06385,0.00095));
#2192=CARTESIAN_POINT('',(0.142,-0.06385,-0.0002));
#2193=CARTESIAN_POINT('',(0.142,-0.06405,-0.0004));
#2194=CARTESIAN_POINT('',(0.142,-0.06545,0.0016));
#2195=CARTESIAN_POINT('',(0.142,-0.06545,0.0016));
#2196=CARTESIAN_POINT('',(0.142,-0.06545,0.00095));
#2197=CARTESIAN_POINT('',(0.14449,-0.06385,0.0023));
#2198=CARTESIAN_POINT('',(0.14449,-0.06405,0.0023));
#2199=CARTESIAN_POINT('',(0.14449,-0.06545,0.0023));
#2200=CARTESIAN_POINT('',(0.1445,-0.06385,0.00095));
#2201=CARTESIAN_POINT('',(0.1445,-0.06385,0.0021));
#2202=CARTESIAN_POINT('',(0.142,-0.06385,-0.0002));
#2203=CARTESIAN_POINT('',(0.14449,-0.06545,0.0016));
#2204=CARTESIAN_POINT('',(0.14449,-0.06545,0.0016));
#2205=CARTESIAN_POINT('',(0.14449,-0.06545,0.00115));
#2206=CARTESIAN_POINT('',(0.15035,-0.09825,0.0016));
#2207=CARTESIAN_POINT('',(0.15035,-0.09825,0.0016));
#2208=CARTESIAN_POINT('',(0.15035,-0.09825,0.00115));
#2209=CARTESIAN_POINT('',(0.15035,-0.09825,0.0021));
#2210=CARTESIAN_POINT('',(0.15035,-0.09825,0.0021));
#2211=CARTESIAN_POINT('',(0.14449,-0.06405,0.0023));
#2212=CARTESIAN_POINT('',(0.,-0.06405,-0.0004));
#2213=CARTESIAN_POINT('',(0.13825,-0.09835,0.0021));
#2214=CARTESIAN_POINT('',(0.13825,-0.08445,0.0021));
#2215=CARTESIAN_POINT('',(0.15035,-0.08445,0.0021));
#2216=CARTESIAN_POINT('',(0.13685,0.,-0.0004));
#2217=CARTESIAN_POINT('',(0.13685,0.,-0.0004));
#2218=CARTESIAN_POINT('',(0.15175,0.,-0.0004));
#2219=CARTESIAN_POINT('',(0.15175,0.,-0.0004));
#2220=CARTESIAN_POINT('',(0.144266068935394,-0.07045,-0.0004));
#2221=CARTESIAN_POINT('',(0.147972938680649,-0.07045,0.));
#2222=CARTESIAN_POINT('',(0.14055919919014,-0.07045,-0.0004));
#2223=CARTESIAN_POINT('',(0.13895919919014,-0.0915,-0.0004));
#2224=CARTESIAN_POINT('',(0.13895919919014,-0.11095,-0.0004));
#2225=CARTESIAN_POINT('',(0.13895919919014,-0.07205,-0.0004));
#2226=CARTESIAN_POINT('',(0.144266068935394,-0.11255,-0.0004));
#2227=CARTESIAN_POINT('',(0.147972938680649,-0.11255,-0.0004));
#2228=CARTESIAN_POINT('',(0.14055919919014,-0.11255,0.));
#2229=CARTESIAN_POINT('',(0.149572938680649,-0.0915,-0.0004));
#2230=CARTESIAN_POINT('',(0.149572938680649,-0.11095,-0.0004));
#2231=CARTESIAN_POINT('',(0.149572938680649,-0.07205,-0.0004));
#2232=CARTESIAN_POINT('',(0.149572938680649,-0.11095,-0.0004));
#2233=CARTESIAN_POINT('',(0.14055919919014,-0.11255,-0.0004));
#2234=CARTESIAN_POINT('',(0.147972938680649,-0.07045,-0.0004));
#2235=CARTESIAN_POINT('',(0.13895919919014,-0.07205,-0.0004));
#2236=MECHANICAL_DESIGN_GEOMETRIC_PRESENTATION_REPRESENTATION('',(#1413),#2237);
#2237=(
GEOMETRIC_REPRESENTATION_CONTEXT(3)
GLOBAL_UNCERTAINTY_ASSIGNED_CONTEXT((#2238))
GLOBAL_UNIT_ASSIGNED_CONTEXT((#2241,#2240,#2239))
REPRESENTATION_CONTEXT('Part 1','TOP_LEVEL_ASSEMBLY_PART')
);
#2238=UNCERTAINTY_MEASURE_WITH_UNIT(LENGTH_MEASURE(1.E-08),#2241,'DISTANCE_ACCURACY_VALUE','Maximum Tolerance applied to model');
#2239=(
NAMED_UNIT(*)
SI_UNIT($,.STERADIAN.)
SOLID_ANGLE_UNIT()
);
#2240=(
NAMED_UNIT(*)
PLANE_ANGLE_UNIT()
SI_UNIT($,.RADIAN.)
);
#2241=(
LENGTH_UNIT()
NAMED_UNIT(*)
SI_UNIT($,.METRE.)
);
#2242=PRODUCT_DEFINITION_SHAPE('','',#2243);
#2243=PRODUCT_DEFINITION('','',#2245,#2244);
#2244=PRODUCT_DEFINITION_CONTEXT('',#2251,'design');
#2245=PRODUCT_DEFINITION_FORMATION_WITH_SPECIFIED_SOURCE('','',#2247,.NOT_KNOWN.);
#2246=PRODUCT_RELATED_PRODUCT_CATEGORY('','',(#2247));
#2247=PRODUCT('Part 1','Part 1','Part 1',(#2249));
#2248=PRODUCT_CATEGORY('','');
#2249=PRODUCT_CONTEXT('',#2251,'mechanical');
#2250=APPLICATION_PROTOCOL_DEFINITION('international standard','ap242_managed_model_based_3d_engineering',2020,#2251);
#2251=APPLICATION_CONTEXT('managed model based 3d engineering');
#2252=SHAPE_ASPECT('DISTANCE.FRn0wmstQWPEzBX_51',$,#2242,.T.);
#2253=GEOMETRIC_ITEM_SPECIFIC_USAGE('','',#2252,#11,#1342);
#2254=SHAPE_ASPECT('DISTANCE.FRn0wmstQWPEzBX_51',$,#2242,.T.);
#2255=GEOMETRIC_ITEM_SPECIFIC_USAGE('','',#2254,#11,#1341);
#2256=DIMENSIONAL_LOCATION('linear distance','DISTANCE.FRn0wmstQWPEzBX_51',#2252,#2254);
#2258=(
LENGTH_UNIT()
NAMED_UNIT(*)
SI_UNIT(.MILLI.,.METRE.)
);
#2259=PRECISION_QUALIFIER(3);
#2257=(
LENGTH_MEASURE_WITH_UNIT()
MEASURE_REPRESENTATION_ITEM()
MEASURE_WITH_UNIT(POSITIVE_LENGTH_MEASURE(0.4),#2258)
QUALIFIED_REPRESENTATION_ITEM((#2259))
REPRESENTATION_ITEM('nominal value')
);
#2260=SHAPE_DIMENSION_REPRESENTATION('',(#2257),#2237);
#2261=DIMENSIONAL_CHARACTERISTIC_REPRESENTATION(#2256,#2260);
#2262=PRESENTATION_STYLE_ASSIGNMENT((NULL_STYLE(.NULL.)));
#2263=CARTESIAN_POINT('',(0.1443,-0.142075,-0.0002));
#2264=DIRECTION('',(-1.,0.,0.));
#2265=DIRECTION('',(0.,0.,-1.));
#2266=AXIS2_PLACEMENT_3D('',#2263,#2264,#2265);
#2267=PLANE('',#2266);
#2268=ANNOTATION_PLANE('',(#2262),#2267,(#2295));
#2269=CARTESIAN_POINT('',(0.,0.,0.));
#2270=DIRECTION('',(0.,0.,1.));
#2271=DIRECTION('',(1.,0.,0.));
#2272=AXIS2_PLACEMENT_3D('',#2269,#2270,#2271);
#2273=CARTESIAN_POINT('',(0.,0.,0.));
#2274=DIRECTION('',(0.,0.,1.));
#2275=DIRECTION('',(1.,0.,0.));
#2276=AXIS2_PLACEMENT_3D('',#2273,#2274,#2275);
#2277=SHAPE_REPRESENTATION('',(#2276,#1421),#2237);
#2278=REPRESENTATION_MAP(#2272,#2277);
#2279=MAPPED_ITEM('',#2278,#2272);
#2280=PRESENTATION_STYLE_ASSIGNMENT((NULL_STYLE(.NULL.)));
#2281=STYLED_ITEM('',(#2280),#2279);
#2282=DRAUGHTING_MODEL('',(#2268,#2272,#2279,#2281),#2237);
#2283=DRAUGHTING_PRE_DEFINED_CURVE_FONT('continuous');
#2284=COLOUR_RGB('',0.,0.,0.);
#2285=CURVE_STYLE('',#2283,POSITIVE_LENGTH_MEASURE(0.02),#2284);
#2286=PRESENTATION_STYLE_ASSIGNMENT((#2285));
#2287=COORDINATES_LIST('coordinates',477,((0.1443000,-0.1429694,-0.0026833),(0.1443000,-0.1420750,0.),(0.1443000,-0.1411806,-0.0026833),(0.1443000,-0.1411806,0.0022833),(0.1443000,-0.1420750,-0.0004000),(0.1443000,-0.1429694,0.0022833),(0.1443000,-0.1411479,0.0005747),(0.1443000,-0.1428381,0.0005747),(0.1443000,-0.1429704,0.0005800),(0.1443000,-0.1411479,0.0005747),(0.1443000,-0.1429704,0.0005800),(0.1443000,-0.1430967,0.0005961),(0.1443000,-0.1411479,0.0005747),(0.1443000,-0.1430967,0.0005961),(0.1443000,-0.1432168,0.0006228),(0.1443000,-0.1411479,0.0005747),(0.1443000,-0.1432168,0.0006228),(0.1443000,-0.1433307,0.0006602),(0.1443000,-0.1411479,0.0005747),(0.1443000,-0.1433307,0.0006602),(0.1443000,-0.1434385,0.0007082),(0.1443000,-0.1411479,0.0005747),(0.1443000,-0.1434385,0.0007082),(0.1443000,-0.1435401,0.0007670),(0.1443000,-0.1411479,0.0005747),(0.1443000,-0.1435401,0.0007670),(0.1443000,-0.1436356,0.0008364),(0.1443000,-0.1411479,0.0005747),(0.1443000,-0.1436356,0.0008364),(0.1443000,-0.1437249,0.0009165),(0.1443000,-0.1411479,0.0005747),(0.1443000,-0.1437249,0.0009165),(0.1443000,-0.1437944,0.0009928),(0.1443000,-0.1411479,0.0005747),(0.1443000,-0.1437944,0.0009928),(0.1443000,-0.1438546,0.0010723),(0.1443000,-0.1411479,0.0005747),(0.1443000,-0.1438546,0.0010723),(0.1443000,-0.1439055,0.0011551),(0.1443000,-0.1439055,0.0011551),(0.1443000,-0.1439472,0.0012412),(0.1443000,-0.1439796,0.0013305),(0.1443000,-0.1439055,0.0011551),(0.1443000,-0.1439796,0.0013305),(0.1443000,-0.1440028,0.0014232),(0.1443000,-0.1439055,0.0011551),(0.1443000,-0.1440028,0.0014232),(0.1443000,-0.1440166,0.0015190),(0.1443000,-0.1439055,0.0011551),(0.1443000,-0.1440166,0.0015190),(0.1443000,-0.1440213,0.0016182),(0.1443000,-0.1439055,0.0011551),(0.1443000,-0.1440213,0.0016182),(0.1443000,-0.1440166,0.0017157),(0.1443000,-0.1439055,0.0011551),(0.1443000,-0.1440166,0.0017157),(0.1443000,-0.1440024,0.0018102),(0.1443000,-0.1439055,0.0011551),(0.1443000,-0.1440024,0.0018102),(0.1443000,-0.1439789,0.0019018),(0.1443000,-0.1439055,0.0011551),(0.1443000,-0.1439789,0.0019018),(0.1443000,-0.1439459,0.0019905),(0.1443000,-0.1439055,0.0011551),(0.1443000,-0.1439459,0.0019905),(0.1443000,-0.1439035,0.0020762),(0.1443000,-0.1439055,0.0011551),(0.1443000,-0.1439035,0.0020762),(0.1443000,-0.1438516,0.0021590),(0.1443000,-0.1439055,0.0011551),(0.1443000,-0.1438516,0.0021590),(0.1443000,-0.1437903,0.0022388),(0.1443000,-0.1439055,0.0011551),(0.1443000,-0.1437903,0.0022388),(0.1443000,-0.1437197,0.0023157),(0.1443000,-0.1437197,0.0023157),(0.1443000,-0.1434233,0.0020119),(0.1443000,-0.1434993,0.0019204),(0.1443000,-0.1437197,0.0023157),(0.1443000,-0.1434993,0.0019204),(0.1443000,-0.1435535,0.0018235),(0.1443000,-0.1439055,0.0011551),(0.1443000,-0.1437197,0.0023157),(0.1443000,-0.1435535,0.0018235),(0.1443000,-0.1439055,0.0011551),(0.1443000,-0.1435535,0.0018235),(0.1443000,-0.1435860,0.0017214),(0.1443000,-0.1439055,0.0011551),(0.1443000,-0.1435860,0.0017214),(0.1443000,-0.1435969,0.0016140),(0.1443000,-0.1439055,0.0011551),(0.1443000,-0.1435969,0.0016140),(0.1443000,-0.1435858,0.0015057),(0.1443000,-0.1439055,0.0011551),(0.1443000,-0.1435858,0.0015057),(0.1443000,-0.1435524,0.0014031),(0.1443000,-0.1439055,0.0011551),(0.1443000,-0.1435524,0.0014031),(0.1443000,-0.1434969,0.0013062),(0.1443000,-0.1439055,0.0011551),(0.1443000,-0.1434969,0.0013062),(0.1443000,-0.1434191,0.0012150),(0.1443000,-0.1439055,0.0011551),(0.1443000,-0.1434191,0.0012150),(0.1443000,-0.1433030,0.0011219),(0.1443000,-0.1439055,0.0011551),(0.1443000,-0.1433030,0.0011219),(0.1443000,-0.1431675,0.0010554),(0.1443000,-0.1439055,0.0011551),(0.1443000,-0.1431675,0.0010554),(0.1443000,-0.1430924,0.0010322),(0.1443000,-0.1411479,0.0005747),(0.1443000,-0.1439055,0.0011551),(0.1443000,-0.1430924,0.0010322),(0.1443000,-0.1411479,0.0005747),(0.1443000,-0.1430924,0.0010322),(0.1443000,-0.1430125,0.0010156),(0.1443000,-0.1411479,0.0005747),(0.1443000,-0.1430125,0.0010156),(0.1443000,-0.1429277,0.0010056),(0.1443000,-0.1411479,0.0005747),(0.1443000,-0.1429277,0.0010056),(0.1443000,-0.1428381,0.0010023),(0.1443000,-0.1411479,0.0005747),(0.1443000,-0.1428381,0.0010023),(0.1443000,-0.1411479,0.0010023),(0.1443000,-0.1411479,0.0005747),(0.1443000,-0.1411479,0.0010023),(0.1443000,-0.1410609,0.0010056),(0.1443000,-0.1411479,0.0005747),(0.1443000,-0.1410609,0.0010056),(0.1443000,-0.1409781,0.0010156),(0.1443000,-0.1411479,0.0005747),(0.1443000,-0.1409781,0.0010156),(0.1443000,-0.1408254,0.0010554),(0.1443000,-0.1411479,0.0005747),(0.1443000,-0.1408254,0.0010554),(0.1443000,-0.1406897,0.0011219),(0.1443000,-0.1411479,0.0005747),(0.1443000,-0.1406897,0.0011219),(0.1443000,-0.1405711,0.0012150),(0.1443000,-0.1433070,0.0021059),(0.1443000,-0.1434233,0.0020119),(0.1443000,-0.1437197,0.0023157),(0.1443000,-0.1431706,0.0021730),(0.1443000,-0.1433070,0.0021059),(0.1443000,-0.1437197,0.0023157),(0.1443000,-0.1430143,0.0022133),(0.1443000,-0.1431706,0.0021730),(0.1443000,-0.1437197,0.0023157),(0.1443000,-0.1429287,0.0022234),(0.1443000,-0.1430143,0.0022133),(0.1443000,-0.1437197,0.0023157),(0.1443000,-0.1428381,0.0022268),(0.1443000,-0.1429287,0.0022234),(0.1443000,-0.1437197,0.0023157),(0.1443000,-0.1411405,0.0022268),(0.1443000,-0.1428381,0.0022268),(0.1443000,-0.1437197,0.0023157),(0.1443000,-0.1411405,0.0022268),(0.1443000,-0.1437197,0.0023157),(0.1443000,-0.1436316,0.0023953),(0.1443000,-0.1410522,0.0022234),(0.1443000,-0.1411405,0.0022268),(0.1443000,-0.1436316,0.0023953),(0.1443000,-0.1410522,0.0022234),(0.1443000,-0.1436316,0.0023953),(0.1443000,-0.1435374,0.0024643),(0.1443000,-0.1410522,0.0022234),(0.1443000,-0.1435374,0.0024643),(0.1443000,-0.1434370,0.0025227),(0.1443000,-0.1409688,0.0022135),(0.1443000,-0.1410522,0.0022234),(0.1443000,-0.1434370,0.0025227),(0.1443000,-0.1409688,0.0022135),(0.1443000,-0.1434370,0.0025227),(0.1443000,-0.1433304,0.0025705),(0.1443000,-0.1409688,0.0022135),(0.1443000,-0.1433304,0.0025705),(0.1443000,-0.1432177,0.0026076),(0.1443000,-0.1409688,0.0022135),(0.1443000,-0.1432177,0.0026076),(0.1443000,-0.1430987,0.0026342),(0.1443000,-0.1409688,0.0022135),(0.1443000,-0.1430987,0.0026342),(0.1443000,-0.1429736,0.0026501),(0.1443000,-0.1408903,0.0021968),(0.1443000,-0.1409688,0.0022135),(0.1443000,-0.1429736,0.0026501),(0.1443000,-0.1408903,0.0021968),(0.1443000,-0.1429736,0.0026501),(0.1443000,-0.1428423,0.0026554),(0.1443000,-0.1408903,0.0021968),(0.1443000,-0.1428423,0.0026554),(0.1443000,-0.1411479,0.0026554),(0.1443000,-0.1408166,0.0021736),(0.1443000,-0.1408903,0.0021968),(0.1443000,-0.1411479,0.0026554),(0.1443000,-0.1406841,0.0021071),(0.1443000,-0.1408166,0.0021736),(0.1443000,-0.1411479,0.0026554),(0.1443000,-0.1405711,0.0020140),(0.1443000,-0.1406841,0.0021071),(0.1443000,-0.1411479,0.0026554),(0.1443000,-0.1405711,0.0020140),(0.1443000,-0.1411479,0.0026554),(0.1443000,-0.1411405,0.0026554),(0.1443000,-0.1405711,0.0020140),(0.1443000,-0.1411405,0.0026554),(0.1443000,-0.1410100,0.0026501),(0.1443000,-0.1404924,0.0019188),(0.1443000,-0.1405711,0.0020140),(0.1443000,-0.1410100,0.0026501),(0.1443000,-0.1404924,0.0019188),(0.1443000,-0.1410100,0.0026501),(0.1443000,-0.1408857,0.0026342),(0.1443000,-0.1404362,0.0018204),(0.1443000,-0.1404924,0.0019188),(0.1443000,-0.1408857,0.0026342),(0.1443000,-0.1404362,0.0018204),(0.1443000,-0.1408857,0.0026342),(0.1443000,-0.1407676,0.0026076),(0.1443000,-0.1404362,0.0018204),(0.1443000,-0.1407676,0.0026076),(0.1443000,-0.1406558,0.0025705),(0.1443000,-0.1404024,0.0017188),(0.1443000,-0.1404362,0.0018204),(0.1443000,-0.1406558,0.0025705),(0.1443000,-0.1404024,0.0017188),(0.1443000,-0.1406558,0.0025705),(0.1443000,-0.1405501,0.0025227),(0.1443000,-0.1404024,0.0017188),(0.1443000,-0.1405501,0.0025227),(0.1443000,-0.1404507,0.0024643),(0.1443000,-0.1403912,0.0016140),(0.1443000,-0.1404024,0.0017188),(0.1443000,-0.1404507,0.0024643),(0.1443000,-0.1403912,0.0016140),(0.1443000,-0.1404507,0.0024643),(0.1443000,-0.1403575,0.0023953),(0.1443000,-0.1403912,0.0016140),(0.1443000,-0.1403575,0.0023953),(0.1443000,-0.1402705,0.0023157),(0.1443000,-0.1404024,0.0015049),(0.1443000,-0.1403912,0.0016140),(0.1443000,-0.1402705,0.0023157),(0.1443000,-0.1404024,0.0015049),(0.1443000,-0.1402705,0.0023157),(0.1443000,-0.1401989,0.0022373),(0.1443000,-0.1404024,0.0015049),(0.1443000,-0.1401989,0.0022373),(0.1443000,-0.1401367,0.0021563),(0.1443000,-0.1404362,0.0014021),(0.1443000,-0.1404024,0.0015049),(0.1443000,-0.1401367,0.0021563),(0.1443000,-0.1404362,0.0014021),(0.1443000,-0.1401367,0.0021563),(0.1443000,-0.1400842,0.0020726),(0.1443000,-0.1404362,0.0014021),(0.1443000,-0.1400842,0.0020726),(0.1443000,-0.1400411,0.0019863),(0.1443000,-0.1404924,0.0013054),(0.1443000,-0.1404362,0.0014021),(0.1443000,-0.1400411,0.0019863),(0.1443000,-0.1404924,0.0013054),(0.1443000,-0.1400411,0.0019863),(0.1443000,-0.1400077,0.0018972),(0.1443000,-0.1404924,0.0013054),(0.1443000,-0.1400077,0.0018972),(0.1443000,-0.1399838,0.0018055),(0.1443000,-0.1405711,0.0012150),(0.1443000,-0.1404924,0.0013054),(0.1443000,-0.1399838,0.0018055),(0.1443000,-0.1411479,0.0005747),(0.1443000,-0.1405711,0.0012150),(0.1443000,-0.1399838,0.0018055),(0.1443000,-0.1411479,0.0005747),(0.1443000,-0.1399838,0.0018055),(0.1443000,-0.1399695,0.0017111),(0.1443000,-0.1411479,0.0005747),(0.1443000,-0.1399695,0.0017111),(0.1443000,-0.1399647,0.0016140),(0.1443000,-0.1411479,0.0005747),(0.1443000,-0.1399647,0.0016140),(0.1443000,-0.1399695,0.0015158),(0.1443000,-0.1411479,0.0005747),(0.1443000,-0.1399695,0.0015158),(0.1443000,-0.1399838,0.0014206),(0.1443000,-0.1411479,0.0005747),(0.1443000,-0.1399838,0.0014206),(0.1443000,-0.1400077,0.0013286),(0.1443000,-0.1411479,0.0005747),(0.1443000,-0.1400077,0.0013286),(0.1443000,-0.1400411,0.0012396),(0.1443000,-0.1411479,0.0005747),(0.1443000,-0.1400411,0.0012396),(0.1443000,-0.1400842,0.0011537),(0.1443000,-0.1411479,0.0005747),(0.1443000,-0.1400842,0.0011537),(0.1443000,-0.1401367,0.0010709),(0.1443000,-0.1411479,0.0005747),(0.1443000,-0.1401367,0.0010709),(0.1443000,-0.1401989,0.0009911),(0.1443000,-0.1411479,0.0005747),(0.1443000,-0.1401989,0.0009911),(0.1443000,-0.1402705,0.0009144),(0.1443000,-0.1411479,0.0005747),(0.1443000,-0.1402705,0.0009144),(0.1443000,-0.1403593,0.0008348),(0.1443000,-0.1411479,0.0005747),(0.1443000,-0.1403593,0.0008348),(0.1443000,-0.1404540,0.0007658),(0.1443000,-0.1411479,0.0005747),(0.1443000,-0.1404540,0.0007658),(0.1443000,-0.1405547,0.0007074),(0.1443000,-0.1411479,0.0005747),(0.1443000,-0.1405547,0.0007074),(0.1443000,-0.1406613,0.0006596),(0.1443000,-0.1411479,0.0005747),(0.1443000,-0.1406613,0.0006596),(0.1443000,-0.1407740,0.0006225),(0.1443000,-0.1411479,0.0005747),(0.1443000,-0.1407740,0.0006225),(0.1443000,-0.1408926,0.0005959),(0.1443000,-0.1411479,0.0005747),(0.1443000,-0.1408926,0.0005959),(0.1443000,-0.1410173,0.0005800),(0.1443000,-0.1401689,-0.0025992),(0.1443000,-0.1423565,-0.0025992),(0.1443000,-0.1423565,-0.0021939),(0.1443000,-0.1401689,-0.0025992),(0.1443000,-0.1423565,-0.0021939),(0.1443000,-0.1410209,-0.0021939),(0.1443000,-0.1401689,-0.0025992),(0.1443000,-0.1410209,-0.0021939),(0.1443000,-0.1423703,-0.0015039),(0.1443000,-0.1423703,-0.0015039),(0.1443000,-0.1423565,-0.0021939),(0.1443000,-0.1423565,-0.0025992),(0.1443000,-0.1423703,-0.0015039),(0.1443000,-0.1423565,-0.0025992),(0.1443000,-0.1423565,-0.0028416),(0.1443000,-0.1423703,-0.0015039),(0.1443000,-0.1423565,-0.0028416),(0.1443000,-0.1423721,-0.0029252),(0.1443000,-0.1423703,-0.0015039),(0.1443000,-0.1423721,-0.0029252),(0.1443000,-0.1424190,-0.0029940),(0.1443000,-0.1423703,-0.0015039),(0.1443000,-0.1424190,-0.0029940),(0.1443000,-0.1424878,-0.0030400),(0.1443000,-0.1423703,-0.0015039),(0.1443000,-0.1424878,-0.0030400),(0.1443000,-0.1425692,-0.0030554),(0.1443000,-0.1423703,-0.0015039),(0.1443000,-0.1425692,-0.0030554),(0.1443000,-0.1426507,-0.0030400),(0.1443000,-0.1423703,-0.0015039),(0.1443000,-0.1426507,-0.0030400),(0.1443000,-0.1427195,-0.0029940),(0.1443000,-0.1423703,-0.0015039),(0.1443000,-0.1427195,-0.0029940),(0.1443000,-0.1427664,-0.0029252),(0.1443000,-0.1423703,-0.0015039),(0.1443000,-0.1427664,-0.0029252),(0.1443000,-0.1427820,-0.0028416),(0.1443000,-0.1423703,-0.0015039),(0.1443000,-0.1427820,-0.0028416),(0.1443000,-0.1427820,-0.0025992),(0.1443000,-0.1427820,-0.0025992),(0.1443000,-0.1437937,-0.0025992),(0.1443000,-0.1438771,-0.0025836),(0.1443000,-0.1427820,-0.0025992),(0.1443000,-0.1438771,-0.0025836),(0.1443000,-0.1439451,-0.0025368),(0.1443000,-0.1427820,-0.0025992),(0.1443000,-0.1439451,-0.0025368),(0.1443000,-0.1439911,-0.0024677),(0.1443000,-0.1427820,-0.0025992),(0.1443000,-0.1439911,-0.0024677),(0.1443000,-0.1440065,-0.0023855),(0.1443000,-0.1427820,-0.0025992),(0.1443000,-0.1440065,-0.0023855),(0.1443000,-0.1439911,-0.0023040),(0.1443000,-0.1427820,-0.0025992),(0.1443000,-0.1439911,-0.0023040),(0.1443000,-0.1439451,-0.0022352),(0.1443000,-0.1427820,-0.0025992),(0.1443000,-0.1439451,-0.0022352),(0.1443000,-0.1438771,-0.0021883),(0.1443000,-0.1427820,-0.0025992),(0.1443000,-0.1438771,-0.0021883),(0.1443000,-0.1437937,-0.0021727),(0.1443000,-0.1427820,-0.0025992),(0.1443000,-0.1437937,-0.0021727),(0.1443000,-0.1427820,-0.0021727),(0.1443000,-0.1423703,-0.0015039),(0.1443000,-0.1427820,-0.0025992),(0.1443000,-0.1427820,-0.0021727),(0.1443000,-0.1423703,-0.0015039),(0.1443000,-0.1427820,-0.0021727),(0.1443000,-0.1427820,-0.0011081),(0.1443000,-0.1401689,-0.0025992),(0.1443000,-0.1423703,-0.0015039),(0.1443000,-0.1427820,-0.0011081),(0.1443000,-0.1401689,-0.0025992),(0.1443000,-0.1427820,-0.0011081),(0.1443000,-0.1427571,-0.0009977),(0.1443000,-0.1401689,-0.0025992),(0.1443000,-0.1427571,-0.0009977),(0.1443000,-0.1426825,-0.0009207),(0.1443000,-0.1401689,-0.0025992),(0.1443000,-0.1426825,-0.0009207),(0.1443000,-0.1425946,-0.0008953),(0.1443000,-0.1401689,-0.0025992),(0.1443000,-0.1425946,-0.0008953),(0.1443000,-0.1424676,-0.0009303),(0.1443000,-0.1401689,-0.0025992),(0.1443000,-0.1424676,-0.0009303),(0.1443000,-0.1400483,-0.0022077),(0.1443000,-0.1401689,-0.0025992),(0.1443000,-0.1400483,-0.0022077),(0.1443000,-0.1399647,-0.0023146),(0.1443000,-0.1401689,-0.0025992),(0.1443000,-0.1399647,-0.0023146),(0.1443000,-0.1399552,-0.0023908),(0.1443000,-0.1401689,-0.0025992),(0.1443000,-0.1399552,-0.0023908),(0.1443000,-0.1399626,-0.0024511),(0.1443000,-0.1401689,-0.0025992),(0.1443000,-0.1399626,-0.0024511),(0.1443000,-0.1400367,-0.0025601),(0.1443000,-0.1401689,-0.0025992),(0.1443000,-0.1400367,-0.0025601),(0.1443000,-0.1400941,-0.0025895),(0.1443000,-0.1441705,-0.0000632),(0.1443000,-0.1440975,0.0000434),(0.1443000,-0.1439908,0.0001164),(0.1443000,-0.1441705,-0.0000632),(0.1443000,-0.1439908,0.0001164),(0.1443000,-0.1438657,0.0001408),(0.1443000,-0.1441705,-0.0000632),(0.1443000,-0.1438657,0.0001408),(0.1443000,-0.1437406,0.0001164),(0.1443000,-0.1441705,-0.0000632),(0.1443000,-0.1437406,0.0001164),(0.1443000,-0.1436339,0.0000434),(0.1443000,-0.1441705,-0.0000632),(0.1443000,-0.1436339,0.0000434),(0.1443000,-0.1435609,-0.0000632),(0.1443000,-0.1441705,-0.0000632),(0.1443000,-0.1435609,-0.0000632),(0.1443000,-0.1435366,-0.0001884),(0.1443000,-0.1441705,-0.0000632),(0.1443000,-0.1435366,-0.0001884),(0.1443000,-0.1435609,-0.0003132),(0.1443000,-0.1441705,-0.0000632),(0.1443000,-0.1435609,-0.0003132),(0.1443000,-0.1436339,-0.0004191),(0.1443000,-0.1441705,-0.0000632),(0.1443000,-0.1436339,-0.0004191),(0.1443000,-0.1437406,-0.0004921),(0.1443000,-0.1441705,-0.0000632),(0.1443000,-0.1437406,-0.0004921),(0.1443000,-0.1438657,-0.0005164),(0.1443000,-0.1441705,-0.0000632),(0.1443000,-0.1438657,-0.0005164),(0.1443000,-0.1439908,-0.0004921),(0.1443000,-0.1441705,-0.0000632),(0.1443000,-0.1439908,-0.0004921),(0.1443000,-0.1440975,-0.0004191),(0.1443000,-0.1441705,-0.0000632),(0.1443000,-0.1440975,-0.0004191),(0.1443000,-0.1441705,-0.0003132),(0.1443000,-0.1441705,-0.0000632),(0.1443000,-0.1441705,-0.0003132),(0.1443000,-0.1441948,-0.0001884)));
#2288=COMPLEX_TRIANGULATED_SURFACE_SET('surface set',#2287,477,(),(),(),((1,2,3),(4,5,6),(7,8,9),(10,11,12),(13,14,15),(16,17,18),(19,20,21),(22,23,24),(25,26,27),(28,29,30),(31,32,33),(34,35,36),(37,38,39),(40,41,42),(43,44,45),(46,47,48),(49,50,51),(52,53,54),(55,56,57),(58,59,60),(61,62,63),(64,65,66),(67,68,69),(70,71,72),(73,74,75),(76,77,78),(79,80,81),(82,83,84),(85,86,87),(88,89,90),(91,92,93),(94,95,96),(97,98,99),(100,101,102),(103,104,105),(106,107,108),(109,110,111),(112,113,114),(115,116,117),(118,119,120),(121,122,123),(124,125,126),(127,128,129),(130,131,132),(133,134,135),(136,137,138),(139,140,141),(142,143,144),(145,146,147),(148,149,150),(151,152,153),(154,155,156),(157,158,159),(160,161,162),(163,164,165),(166,167,168),(169,170,171),(172,173,174),(175,176,177),(178,179,180),(181,182,183),(184,185,186),(187,188,189),(190,191,192),(193,194,195),(196,197,198),(199,200,201),(202,203,204),(205,206,207),(208,209,210),(211,212,213),(214,215,216),(217,218,219),(220,221,222),(223,224,225),(226,227,228),(229,230,231),(232,233,234),(235,236,237),(238,239,240),(241,242,243),(244,245,246),(247,248,249),(250,251,252),(253,254,255),(256,257,258),(259,260,261),(262,263,264),(265,266,267),(268,269,270),(271,272,273),(274,275,276),(277,278,279),(280,281,282),(283,284,285),(286,287,288),(289,290,291),(292,293,294),(295,296,297),(298,299,300),(301,302,303),(304,305,306),(307,308,309),(310,311,312),(313,314,315),(316,317,318),(319,320,321),(322,323,324),(325,326,327),(328,329,330),(331,332,333),(334,335,336),(337,338,339),(340,341,342),(343,344,345),(346,347,348),(349,350,351),(352,353,354),(355,356,357),(358,359,360),(361,362,363),(364,365,366),(367,368,369),(370,371,372),(373,374,375),(376,377,378),(379,380,381),(382,383,384),(385,386,387),(388,389,390),(391,392,393),(394,395,396),(397,398,399),(400,401,402),(403,404,405),(406,407,408),(409,410,411),(412,413,414),(415,416,417),(418,419,420),(421,422,423),(424,425,426),(427,428,429),(430,431,432),(433,434,435),(436,437,438),(439,440,441),(442,443,444),(445,446,447),(448,449,450),(451,452,453),(454,455,456),(457,458,459),(460,461,462),(463,464,465),(466,467,468),(469,470,471),(472,473,474),(475,476,477)));
#2289=TESSELLATED_GEOMETRIC_SET('linear dimension',(#2288));
#2290=COORDINATES_LIST('coordinates',8,((0.1443000,-0.1265500,0.),(0.1443000,-0.1420750,0.),(0.1443000,-0.1265500,-0.0004000),(0.1443000,-0.1420750,-0.0004000),(0.1443000,-0.1420750,0.0036554),(0.1443000,-0.1420750,0.0036554),(0.1443000,-0.1420750,-0.0040554),(0.1443000,-0.1420750,-0.0040554)));
#2291=TESSELLATED_CURVE_SET('curve set',#2290,((1,2),(3,4),(5,6),(7,8)));
#2292=TESSELLATED_GEOMETRIC_SET('linear dimension',(#2291));
#2293=TESSELLATED_ANNOTATION_OCCURRENCE('linear dimension',(#2286),#2289);
#2294=TESSELLATED_ANNOTATION_OCCURRENCE('linear dimension',(#2286),#2292);
#2295=DRAUGHTING_CALLOUT('linear dimension',(#2293,#2294));
#2296=DRAUGHTING_MODEL_ITEM_ASSOCIATION('','',#2252,#2282,#2295);
#2297=DRAUGHTING_MODEL_ITEM_ASSOCIATION('','',#2254,#2282,#2295);
#2298=DRAUGHTING_MODEL_ITEM_ASSOCIATION('','',#2256,#2282,#2295);
ENDSEC;
END-ISO-10303-21;
